<?xml version="1.0" ?>
<!--
/**
 * Copyright © Magento, Inc. All rights reserved.
 * See COPYING.txt for license details.
 */
-->
<schema xmlns:xsi="http://www.w3.org/2001/XMLSchema-instance"
        xsi:noNamespaceSchemaLocation="urn:magento:framework:Setup/Declaration/Schema/etc/schema.xsd">
   <table name="sales_order" resource="sales" engine="innodb" comment="Sales Flat Order">
      <column name="group_order_id" nullable="true" padding="6" unsigned="true" xsi:type="int"/>
      <column name="supplier_order_inc_id" nullable="true" length="50" xsi:type="varchar" default="0"/>
      <column name="venue_comments" nullable="true" xsi:type="varchar" length="500"  default="NULL"/>
      <column xsi:type="timestamp" default="NULL" name="delivery_slot" nullable="true"   on_update="false"/>
      <column xsi:type="smallint"  identity="false" name="is_split" nullable="true" />
       <constraint xsi:type="foreign" referenceId="sales_order_group_order_id_aria_sales_order_group_order_group_id"   referenceColumn="order_group_id" referenceTable="aria_sales_order_group" column="group_order_id" table="sales_order" onDelete="CASCADE"/>
   </table>  
   <table resource="default" name="aria_sales_order_group" engine="innodb" comment="sales order group Table">
    <column  xsi:type="int" name="order_group_id" comment="ordergroupId" unsigned="true" padding="6" nullable="false"  identity="true"/>
    <constraint xsi:type="primary" referenceId="PRIMARY">
    <column name="order_group_id"/>
    </constraint>
    <column  xsi:type="varchar" name="order_group_increment_id"  nullable="true" length="50" comment="orderGroupIncrementId"/>
    <column  xsi:type="int" name="venue_id" unsigned="true" padding="11" nullable="false"  identity="false"  comment="venueId"/>
    <column  xsi:type="int" name="dc_id" unsigned="true" padding="11" nullable="true"  identity="false"  comment="dcId"/>
    <column  xsi:type="int" name="venue_user_id" unsigned="true" padding="11" nullable="false"  identity="false"  comment="venueUserId"/>
    <column  xsi:type="int" name="no_of_items" unsigned="true" padding="11" nullable="false"  identity="false"  comment="noOfItems"/>
    <column  xsi:type="float" name="cart_total" nullable="false"  comment="cartTotal"/>
    <column xsi:type="varchar" default="NULL"  name="created_by" nullable="true"  length="50"/>
    <column xsi:type="varchar" default="NULL"  name="updated_by" nullable="true"  length="50"/>
    <column xsi:type="datetime" default="CURRENT_TIMESTAMP"  name="created_at" nullable="false"  on_update="false"/>
    <column xsi:type="datetime" default="CURRENT_TIMESTAMP" name="updated_at" nullable="true"   on_update="true"/>
    <column xsi:type="smallint"  identity="false" name="is_active" default="1" nullable="false" />
    <column xsi:type="smallint"  identity="false" name="is_delete" default="0" nullable="false"/>
    <column xsi:type="smallint"  identity="false" name="is_moved_to_cart" default="0" nullable="false"/>
    <column xsi:type="smallint"  identity="false" name="for_approval" default="0" nullable="false"/>
    <constraint referenceId="sales order group" xsi:type="unique">
		     <column name="order_group_increment_id" />
    </constraint>
    <constraint xsi:type="foreign" referenceId="aria_sales_order_group_venue_id_aria_venue_id"   referenceColumn="id" referenceTable="aria_venue" column="venue_id" table="aria_sales_order_group" onDelete="CASCADE"/>
    <constraint xsi:type="foreign" referenceId="aria_sales_order_group_dc_id_aria_supply_dc_dc_id"   referenceColumn="dc_id" referenceTable="aria_supply_dc" column="dc_id" table="aria_sales_order_group" onDelete="CASCADE"/>
    <constraint xsi:type="foreign" referenceId="aria_sales_order_group_venue_user_id_aria_venue_user_id"   referenceColumn="id" referenceTable="aria_venue_user" column="venue_user_id" table="aria_sales_order_group" onDelete="CASCADE"/>
   </table>
</schema>
