<?xml version="1.0"?>
<!--
/**
 * Copyright © Magento, Inc. All rights reserved.
 * See COPYING.txt for license details.
 */
-->
<config xmlns:xsi="http://www.w3.org/2001/XMLSchema-instance" xsi:noNamespaceSchemaLocation="urn:magento:framework:ObjectManager/etc/config.xsd">
    <preference for="Aria\Order\Api\QuoteHandlerInterface" type="Aria\Order\Model\QuoteHandler"/>
    <preference for="Aria\Order\Api\ExtensionAttributesInterface" type="Aria\Order\Model\ExtensionAttributes"/>
    <preference for="Aria\Order\Api\SalesOrderGroupRepositoryInterface" type="Aria\Order\Model\SalesOrderGroupRepository"/>
    <preference for="Aria\Order\Api\Data\SalesOrderGroupInterface" type="Aria\Order\Model\Data\SalesOrderGroup"/>
    <preference for="Aria\Order\Api\Data\SalesOrderGroupSearchResultsInterface" type="Magento\Framework\Api\SearchResults"/>
    <preference for="Aria\Order\Api\Data\SupplierCommentsInterface" type="Aria\Order\Model\Data\SupplierComments" />
    <preference for="Aria\Order\Api\Data\ReorderInterface" type="Aria\Order\Model\Data\Reorder" />
    <preference for="Aria\Order\Api\Data\ReGroupOrderInterface" type="Aria\Order\Model\Data\ReGroupOrder" />

    <preference for="Aria\Order\Api\Data\OrderDetailsInterface" type="Aria\Order\Model\Data\OrderDetails" />
    <preference for="Aria\Order\Api\Data\ReorderResponseInterface" type="Aria\Order\Model\Data\ReorderResponse" />
    <preference for="Aria\Order\Api\Data\ProductDataInterface" type="Aria\Order\Model\Data\ProductData" />
    <preference for="Aria\Order\Api\Data\SensitiveDataInterface" type="Aria\Order\Model\Data\SensitiveData" />
    <preference for="Aria\Order\Api\Data\NonSensitiveDataInterface" type="Aria\Order\Model\Data\NonSensitiveData" />
    <preference for="Aria\Order\Api\Data\CriteriaDataInterface" type="Aria\Order\Model\Data\CriteriaData" />
    <preference for="Aria\Order\Api\Data\SupplierDeliverySlotInterface" type="Aria\Order\Model\Data\SupplierDeliverySlot" />
    <type name="Magento\Store\Api\StoreConfigManagerInterface">
        <plugin name="get_general_info" type="Aria\Order\Plugin\GeneralInfo" sortOrder="1"/>
    </type>
     <type name="Magento\Quote\Model\QuoteManagement">
       <plugin name="split_quote" type="Aria\Order\Plugin\SplitQuote"/>
    </type>
    <type name="Aria\Order\Model\QuoteHandler">
        <arguments>
            <argument name="QuoteHandler" xsi:type="object">Magento\Checkout\Model\Session\Proxy</argument>
        </arguments>
    </type>
    <type name="Magento\Checkout\Model\PaymentInformationManagement">
        <plugin name="set_payment_data_around_paymentInfo" type="Aria\Order\Plugin\PaymentInformation"/>
    </type>
     <type name="Magento\Sales\Model\Order\Email\Container\OrderIdentity">
        <plugin name="disable_default_customer_email" type="Aria\Order\Plugin\OrderIdentityPlugin"/>
    </type>

    <type name="Magento\Sales\Api\OrderRepositoryInterface">
          <plugin name="get_order" type="Aria\Order\Plugin\OrderGet"/>
    </type>
    <type name="Magento\Sales\Api\OrderRepositoryInterface">
        <plugin name="Order_before_save" type="Aria\Order\Plugin\OrderBeforeSave" />
    </type>
    
</config>

