<?xml version="1.0"?>
<config xmlns:xsi="http://www.w3.org/2001/XMLSchema-instance" xsi:noNamespaceSchemaLocation="urn:magento:framework:Api/etc/extension_attributes.xsd">
    <extension_attributes for="Magento\Store\Api\Data\StoreConfigInterface">
        <attribute code="currencySymbol" type="string"/>
    </extension_attributes>
     <extension_attributes for="Magento\Store\Api\Data\StoreConfigInterface">
        <attribute code="dateFormat" type="string"/>
    </extension_attributes>
    <extension_attributes for="Magento\Sales\Api\Data\OrderInterface">
        <attribute code="venue_name" type="string">
        <join reference_table="aria_venue" reference_field="id" join_on_field="Venueid">
            <field>name</field>
        </join>
        </attribute>
    </extension_attributes>
    <extension_attributes for="Magento\Sales\Api\Data\OrderInterface">
        <attribute code="venue_contact_number" type="string"/>
    </extension_attributes>
     <extension_attributes for="Magento\Sales\Api\Data\OrderInterface">
        <attribute code="supplier_id" type="int"/>
    </extension_attributes>
    <extension_attributes for="Magento\Sales\Api\Data\OrderInterface">
        <attribute code="supplier_name" type="string"/>
    </extension_attributes>
    <extension_attributes for="Magento\Sales\Api\Data\OrderInterface"> 
        <attribute code="cart_total" type="float"/>
    </extension_attributes>
    <extension_attributes for="Magento\Sales\Api\Data\OrderInterface"> 
        <attribute code="order_group_id" type="int"/>
    </extension_attributes>
    <extension_attributes for="Magento\Sales\Api\Data\OrderInterface"> 
        <attribute code="order_group_increment_id" type="string"/>
    </extension_attributes>
     <extension_attributes for="Magento\Sales\Api\Data\OrderInterface"> 
        <attribute code="supplier_order_increment_id" type="string"/>
    </extension_attributes>
    <extension_attributes for="Magento\Sales\Api\Data\OrderInterface"> 
        <attribute code="venue_id" type="int"/>
    </extension_attributes>
    <extension_attributes for="Magento\Sales\Api\Data\OrderInterface"> 
        <attribute code="venue_user_id" type="int"/>
    </extension_attributes>
    <extension_attributes for="Magento\Sales\Api\Data\OrderInterface"> 
        <attribute code="no_of_items" type="int"/>
    </extension_attributes>
     <extension_attributes for="Magento\Sales\Api\Data\OrderInterface">
      <attribute code="cut_off_time" type="int"/>
      <attribute code="enable_cancel_button" type="bool"/>
   </extension_attributes>
    <extension_attributes for="Magento\Quote\Api\Data\PaymentInterface">
      <attribute code="venue_id" type="int"/>
   </extension_attributes>
   <extension_attributes for="Magento\Quote\Api\Data\PaymentInterface">
      <attribute code="venue_user_id" type="int"/>
   </extension_attributes>
   <extension_attributes for="Magento\Quote\Api\Data\PaymentInterface">
      <attribute code="comments" type="Aria\Order\Api\Data\SupplierCommentsInterface[]"/>
   </extension_attributes>
   <extension_attributes for="Magento\Sales\Api\Data\OrderItemInterface">
        <attribute code="product_catagory" type="string[]"/>
    </extension_attributes>
    <extension_attributes for="Magento\Sales\Api\Data\OrderItemInterface">
        <attribute code="image_details" type="string"/>
    </extension_attributes>
    <extension_attributes for="Magento\Sales\Api\Data\OrderItemInterface">
        <attribute code="total_cost" type="float"/>
    </extension_attributes>
    <extension_attributes for="Magento\Sales\Api\Data\OrderItemInterface">
        <attribute code="uom_name" type="string"/>
    </extension_attributes>
    <extension_attributes for="Magento\Sales\Api\Data\OrderItemInterface">
        <attribute code="first_image" type="string"/>
        <attribute code="salable_qty" type="int"/>
    </extension_attributes>
    <extension_attributes for="Magento\Sales\Api\Data\OrderInterface">
        <attribute code="dc_id" type="int"/>
    </extension_attributes>
    <extension_attributes for="Magento\Sales\Api\Data\OrderInterface">
        <attribute code="receiver_email" type="string"/>
    </extension_attributes>
    <extension_attributes for="Magento\Sales\Api\Data\OrderItemInterface">
        <attribute code="current_price" type="float"/>
    </extension_attributes>
    <extension_attributes for="Magento\Sales\Api\Data\OrderItemInterface">
        <attribute code="current_total" type="float"/>
    </extension_attributes>
    <extension_attributes for="Magento\Sales\Api\Data\OrderItemInterface">
        <attribute code="available" type="int"/>
    </extension_attributes>
    <extension_attributes for="Magento\Sales\Api\Data\OrderItemInterface">
        <attribute code="supplier_vacation" type="int"/>
    </extension_attributes>
    <extension_attributes for="Magento\Sales\Api\Data\OrderItemInterface">
        <attribute code="mov" type="int"/>
    </extension_attributes>
    <extension_attributes for="Magento\Sales\Api\Data\OrderItemInterface">
        <attribute code="minimum_qty" type="int"/>
    </extension_attributes>
    <extension_attributes for="Magento\Sales\Api\Data\OrderItemInterface">
        <attribute code="maximum_qty" type="int"/>
    </extension_attributes>
        <extension_attributes for="Magento\Sales\Api\Data\OrderItemInterface">
        <attribute code="stock_status" type="int"/>
    </extension_attributes>
    <extension_attributes for="Magento\Sales\Api\Data\OrderItemInterface">
        <attribute code="credit_status" type="int"/>
    </extension_attributes>
    <extension_attributes for="Magento\Sales\Api\Data\OrderInterface">
        <attribute code="delivery_slot" type="string"/>
    </extension_attributes>
    <extension_attributes for="Magento\Quote\Api\Data\PaymentInterface">
     <attribute code="delivery_slot" type="Aria\Order\Api\Data\SupplierDeliverySlotInterface[]"/>
   </extension_attributes>
    <extension_attributes for="Magento\Sales\Api\Data\OrderInterface">
        <attribute code="review_id" type="int"/>
    </extension_attributes>
</config>
