<?xml version="1.0" ?>

<routes xmlns:xsi="http://www.w3.org/2001/XMLSchema-instance" xsi:noNamespaceSchemaLocation="urn:magento:module:Magento_Webapi:etc/webapi.xsd">
  
  <route method="GET" url="/V1/aria/order/search">
		<service class="Aria\Order\Api\SalesOrderGroupRepositoryInterface" method="getList"/>
		<resources>
			<resource ref="Aria_SalesOrderGroup::SalesOrderGroup_view"/>
		</resources>
	</route>  
    
     <route method="GET" url="/V1/aria/order/get/:orderGroupId">
		<service class="Aria\Order\Api\SalesOrderGroupRepositoryInterface" method="get"/>
		<resources>
			<resource ref="Aria_SalesOrderGroup::SalesOrderGroup_view"/>
		</resources>
	</route> 
	<route url="/V1/aria/grouporder/reorder" method="POST">
        <service class="Aria\Order\Api\SalesOrderGroupRepositoryInterface" method="reorderByOrderGroupId"/>
		<resources>
			<resource ref="Aria_SalesOrderGroup::SalesOrderGroup_Reorder"/>
		</resources>
    </route> 
    <route url="/V1/aria/order/reorder" method="POST">
        <service class="Aria\Order\Api\SalesOrderGroupRepositoryInterface" method="reorderByOrderId"/>
		<resources>
			<resource ref="Aria_SalesOrderGroup::SalesOrderGroup_Reorder"/>
		</resources>
    </route> 
	<route url="/V1/aria/order/update" method="PUT">
        <service class="Aria\Order\Api\SalesOrderGroupRepositoryInterface" method="approveOrder"/>
		<resources>
			<resource ref="Aria_SalesOrderGroup::SalesOrderGroup_Update"/>
		</resources>
    </route> 
	<route method="GET" url="/V1/aria/pending-order/search">
		<service class="Aria\Order\Api\SalesOrderGroupRepositoryInterface" method="getPendingList"/>
		<resources>
			<resource ref="Aria_SalesOrderGroup::SalesOrderGroup_view"/>
		</resources>
	</route>
</routes>
