<?xml version="1.0" ?>
<config xmlns:xsi="http://www.w3.org/2001/XMLSchema-instance" xsi:noNamespaceSchemaLocation="urn:magento:framework:Acl/etc/acl.xsd">
	<acl>
		<resources>
			<resource id="Magento_Backend::admin">
				<resource id="Aria_SupplierWatch::SupplierWatch" title="SupplierWatch" sortOrder="10">
					<resource id="Aria_SupplierWatch::SupplierWatch_save" title="Save SupplierWatch" sortOrder="10"/>
					<resource id="Aria_SupplierWatch::SupplierWatch_delete" title="Delete SupplierWatch" sortOrder="20"/>
					<resource id="Aria_SupplierWatch::SupplierWatch_update" title="Update SupplierWatch" sortOrder="30"/>
					<resource id="Aria_SupplierWatch::SupplierWatch_view" title="View SupplierWatch" sortOrder="40"/>
				</resource>
			</resource>
		</resources>
	</acl>
</config>