<?xml version="1.0" ?>
<config xmlns:xsi="http://www.w3.org/2001/XMLSchema-instance" xsi:noNamespaceSchemaLocation="urn:magento:module:Magento_Cron:etc/crontab.xsd">
	<group id="default">
		<job instance="Aria\SupplierWatch\Cron\WatchSupplier" method="execute" name="aria_watchsupplier_cron">
			<schedule>*/10 * * * *</schedule>
		</job>
		<job instance="Aria\SupplierWatch\Cron\BulkUploadWatch" method="execute" name="aria_bulkuploadproduct_cron">
			<schedule>*/30 * * * *</schedule>
		</job>
		<job instance="Aria\SupplierWatch\Cron\BulkUploadNotification" method="execute" name="aria_bulkuploadnotification_cron">
			<schedule>*/30 * * * *</schedule>
		</job>
	</group>
</config>
