<?xml version="1.0" ?>
<schema xmlns:xsi="http://www.w3.org/2001/XMLSchema-instance" xsi:noNamespaceSchemaLocation="urn:magento:framework:Setup/Declaration/Schema/etc/schema.xsd">
	<table name="aria_supplier_watch" resource="default" engine="innodb" comment="aria_supplier_watch Table">
		<column xsi:type="int" name="supplierwatch_id" padding="6" unsigned="true" nullable="false" identity="true" comment="Entity Id"/>
		<constraint xsi:type="primary" referenceId="PRIMARY">
			<column name="supplierwatch_id"/>
		</constraint>
		<column name="venue_user_id" nullable="false" unsigned="true" xsi:type="int" comment="venue_user_id"/>
		<column name="venue_id" nullable="false" unsigned="true" xsi:type="int" comment="venue_id"/>
		<column name="supplier_id" nullable="false" unsigned="true" xsi:type="int" comment="supplier_id"/>
		<column name="created_at" nullable="false" xsi:type="timestamp" comment="created_at" default="CURRENT_TIMESTAMP"/>
		<column name="updated_at" nullable="false" xsi:type="timestamp" comment="updated_at" default="CURRENT_TIMESTAMP" on_update="true"/>
		<column xsi:type="smallint"  identity="false" name="status" default="1" nullable="false" />
		<constraint xsi:type="foreign" referenceId="aria_supplier_watch_venue_user_id_aria_venue_user_id"   referenceColumn="id" referenceTable="aria_venue_user" column="venue_user_id" table="aria_supplier_watch" onDelete="CASCADE"/>
		<constraint xsi:type="foreign" referenceId="aria_sup_watch_su_id_aria_sup_company_sucompany_id"   referenceColumn="supplycompany_id" referenceTable="aria_supply_company" column="supplier_id" table="aria_supplier_watch" onDelete="CASCADE"/>
		<constraint xsi:type="foreign" referenceId="aria_supplier_watch_venue_id_aria_venue_id"   referenceColumn="id" referenceTable="aria_venue" column="venue_id" table="aria_supplier_watch" onDelete="CASCADE"/>
	</table>
	<table name="aria_supplier_watch_scheduler" resource="default" engine="innodb" comment="aria_supplier_watch_scheduler Table">
		<column xsi:type="int" name="scheduler_id" padding="6" unsigned="true" nullable="false" identity="true" comment="Entity Id"/>
		<constraint xsi:type="primary" referenceId="PRIMARY">
			<column name="scheduler_id"/>
		</constraint>
		<column name="supplier_id" nullable="false" unsigned="true" xsi:type="int" comment="supplier_id"/>
		<column name="sku" nullable="false" xsi:type="varchar" comment="sku" length="255"/>
		<column name="created_at" nullable="false" xsi:type="timestamp" comment="created_at" default="CURRENT_TIMESTAMP"/>
		<column name="updated_at" nullable="false" xsi:type="timestamp" comment="updated_at" default="CURRENT_TIMESTAMP" on_update="true"/>
		<column xsi:type="smallint"  identity="false" name="status" default="1" nullable="false" />
		<constraint xsi:type="foreign" referenceId="aria_sed_watch_su_id_aria_sup_company_sucompany_id"   referenceColumn="supplycompany_id" referenceTable="aria_supply_company" column="supplier_id" table="aria_supplier_watch_scheduler" onDelete="CASCADE"/>
	</table>
	<table name="aria_bulk_product_scheduler" resource="default" engine="innodb" comment="aria_bulk_product_scheduler Table">
		<column xsi:type="int" name="id" padding="6" unsigned="true" nullable="false" identity="true" comment="Entity Id"/>
		<constraint xsi:type="primary" referenceId="PRIMARY">
			<column name="id"/>
		</constraint>
		<column name="bulk_uuid" nullable="false"  length="255" xsi:type="varchar" comment="bulk_id"/>
		<column name="created_at" nullable="false" xsi:type="timestamp" comment="created_at" default="CURRENT_TIMESTAMP"/>
		<column name="updated_at" nullable="false" xsi:type="timestamp" comment="updated_at" default="CURRENT_TIMESTAMP" on_update="true"/>
		<column xsi:type="smallint"  identity="false" name="status" default="1" nullable="false" />
	</table>
</schema>