<?xml version="1.0" ?>
<config xmlns:xsi="http://www.w3.org/2001/XMLSchema-instance" xsi:noNamespaceSchemaLocation="urn:magento:framework:ObjectManager/etc/config.xsd">
	<preference for="Aria\SupplierWatch\Api\SupplierWatchRepositoryInterface" type="Aria\SupplierWatch\Model\SupplierWatchRepository"/>
	<preference for="Aria\SupplierWatch\Api\Data\SupplierWatchInterface" type="Aria\SupplierWatch\Model\Data\SupplierWatch"/>
	<preference for="Aria\SupplierWatch\Api\Data\SupplierWatchSearchResultsInterface" type="Magento\Framework\Api\SearchResults"/>
	<preference for="Aria\SupplierWatch\Api\SupplierWatchSchedulerRepositoryInterface" type="Aria\SupplierWatch\Model\SupplierWatchSchedulerRepository"/>
	<preference for="Aria\SupplierWatch\Api\Data\SupplierWatchSchedulerInterface" type="Aria\SupplierWatch\Model\Data\SupplierWatchScheduler"/>
	<preference for="Aria\SupplierWatch\Api\Data\SupplierWatchSchedulerSearchResultsInterface" type="Magento\Framework\Api\SearchResults"/>
	<preference for="Aria\SupplierWatch\Api\BulkProductSchedulerRepositoryInterface" type="Aria\SupplierWatch\Model\BulkProductSchedulerRepository"/>
	<preference for="Aria\SupplierWatch\Api\Data\BulkProductSchedulerInterface" type="Aria\SupplierWatch\Model\Data\BulkProductScheduler"/>
	<preference for="Aria\SupplierWatch\Api\Data\BulkProductSchedulerSearchResultsInterface" type="Magento\Framework\Api\SearchResults"/>
</config>