<?xml version="1.0" ?>
<routes xmlns:xsi="http://www.w3.org/2001/XMLSchema-instance" xsi:noNamespaceSchemaLocation="urn:magento:module:Magento_Webapi:etc/webapi.xsd">
	<route url="/V1/aria-supplierwatch/supplierwatch" method="POST">
		<service class="Aria\SupplierWatch\Api\SupplierWatchRepositoryInterface" method="save"/>
		<resources>
            <resource ref="self"/>
        </resources>
        <data>
            <parameter name="customerId" force="true">%customer_id%</parameter>
        </data>
	</route>
	<route url="/V1/aria-supplierwatch/supplierwatch/search" method="GET">
		<service class="Aria\SupplierWatch\Api\SupplierWatchRepositoryInterface" method="getList"/>
		<resources>
			<resource ref="Aria_Supplierwatch::SupplierWatch_view"/>
		</resources>
	</route>
	<route url="/V1/aria-supplierwatch/supplierwatch/:supplierwatchId" method="GET">
		<service class="Aria\SupplierWatch\Api\SupplierWatchRepositoryInterface" method="get"/>
		<resources>
			<resource ref="Aria_Supplierwatch::Aria_Supplierwatch"/>
		</resources>
	</route>
	<route url="/V1/aria-supplierwatch/supplierwatch/:supplierwatchId" method="PUT">
		<service class="Aria\SupplierWatch\Api\SupplierWatchRepositoryInterface" method="save"/>
		<resources>
			<resource ref="self"/>
        </resources>
        <data>
            <parameter name="customerId" force="true">%customer_id%</parameter>
        </data>
	</route>
	<route url="/V1/aria-supplierwatch/supplierwatch/:supplierwatchId" method="DELETE">
		<service class="Aria\SupplierWatch\Api\SupplierWatchRepositoryInterface" method="deleteById"/>
		<resources>
			<resource ref="Aria_Supplierwatch::Supplierwatch_delete"/>
		</resources>
	</route>
	<route url="/V1/aria-supplierwatch/supplierwatchscheduler" method="POST">
		<service class="Aria\SupplierWatch\Api\SupplierWatchSchedulerRepositoryInterface" method="save"/>
		<resources>
			<resource ref="Aria_Supplierwatch::Supplierwatch_save"/>
		</resources>
	</route>
	<route method="PUT" url="/V1/aria-supplierwatch/supplierwatch/updatestatus/:supplierwatchId/:status">
		<service class="Aria\SupplierWatch\Api\SupplierWatchRepositoryInterface" method="updateStatus"/>
			<resources>
			<resource ref="Aria_Supplierwatch::Supplierwatch_save"/>
		</resources>
	</route>
	<route url="/V1/aria-supplierwatch/supplierwatchscheduler" method="GET">
		<service class="Aria\SupplierWatch\Api\SupplierWatchSchedulerRepositoryInterface" method="getList"/>
		<resources>
			<resource ref="Aria_Supplierwatch::SupplierWatch_view"/>
		</resources>
	</route>
	<route url="/V1/aria-supplierwatch/supplierwatchscheduler/:schedulerId" method="GET">
		<service class="Aria\SupplierWatch\Api\SupplierWatchSchedulerRepositoryInterface" method="get"/>
		<resources>
			<resource ref="Aria_Supplierwatch::Aria_Supplierwatch"/>
		</resources>
	</route>
	<route url="/V1/aria-supplierwatch/supplierwatchscheduler/:schedulerId" method="PUT">
		<service class="Aria\SupplierWatch\Api\SupplierWatchSchedulerRepositoryInterface" method="save"/>
		<resources>
			<resource ref="Aria_Supplierwatch::Supplierwatch_update"/>
		</resources>
	</route>
	<route url="/V1/aria-supplierwatch/supplierwatchscheduler/:schedulerId" method="DELETE">
		<service class="Aria\SupplierWatch\Api\SupplierWatchSchedulerRepositoryInterface" method="deleteById"/>
		<resources>
			<resource ref="Aria_Supplierwatch::Supplierwatch_delete"/>
		</resources>
	</route>
	<route url="/V1/aria-supplierwatch/checkwatch/:participantId/:userId/:supplierId" method="GET">
		<service class="Aria\SupplierWatch\Api\SupplierWatchRepositoryInterface" method="checkSupplierIsOnWatch"/>
		<resources>
            <resource ref="self"/>
        </resources>
        <data>
            <parameter name="customerId" force="true">%customer_id%</parameter>
        </data>
	</route>
	<route url="/V1/aria-supplierwatch/bulkproductscheduler" method="POST">
		<service class="Aria\SupplierWatch\Api\BulkProductSchedulerRepositoryInterface" method="save"/>
		<resources>
			<resource ref="Aria_Supplierwatch::Supplierwatch_save"/>
		</resources>
	</route>
	<route url="/V1/aria-supplierwatch/bulkproductscheduler" method="GET">
		<service class="Aria\SupplierWatch\Api\BulkProductSchedulerRepositoryInterface" method="getList"/>
		<resources>
			<resource ref="Aria_Supplierwatch::SupplierWatch_view"/>
		</resources>
	</route>
	<route url="/V1/aria-supplierwatch/bulkproductscheduler/:Id" method="GET">
		<service class="Aria\SupplierWatch\Api\BulkProductSchedulerRepositoryInterface" method="get"/>
		<resources>
			<resource ref="Aria_Supplierwatch::Aria_Supplierwatch"/>
		</resources>
	</route>
	<route url="/V1/aria-supplierwatch/bulkproductscheduler/:Id" method="PUT">
		<service class="Aria\SupplierWatch\Api\BulkProductSchedulerRepositoryInterface" method="save"/>
		<resources>
			<resource ref="Aria_Supplierwatch::Supplierwatch_update"/>
		</resources>
	</route>
	<route url="/V1/aria-supplierwatch/bulkproductscheduler/:Id" method="DELETE">
		<service class="Aria\SupplierWatch\Api\BulkProductSchedulerRepositoryInterface" method="deleteById"/>
		<resources>
			<resource ref="Aria_Supplierwatch::Supplierwatch_delete"/>
		</resources>
	</route>
</routes>