<?xml version="1.0"?>
<routes xmlns:xsi="http://www.w3.org/2001/XMLSchema-instance"
        xsi:noNamespaceSchemaLocation="urn:magento:module:Magento_Webapi:etc/webapi.xsd">
    <route url="/V1/bazar/configuration/commission/get" method="GET">
        <service class="Bazar\Configuration\Api\CommissionRepositoryInterface" method="getCommission"/>
        <resources>
            <resource ref="Bazar_Configuration::Configuration_view"/>
        </resources>
    </route>
    <route url="/V1/bazar/configuration/bestsellercount/get" method="GET">
        <service class="Bazar\Configuration\Api\BestSellerRepositoryInterface" method="getBestSellerCount"/>
        <resources>
            <resource ref="Bazar_Configuration::Configuration_view"/>
        </resources>
    </route>
</routes>