<?xml version="1.0" ?>
<!--
/**
 * Copyright © Magento, Inc. All rights reserved.
 * See COPYING.txt for license details.
 */
-->
<schema xmlns:xsi="http://www.w3.org/2001/XMLSchema-instance"
        xsi:noNamespaceSchemaLocation="urn:magento:framework:Setup/Declaration/Schema/etc/schema.xsd">
    <table name="bazar_seller" resource="default" engine="innodb"
           comment="Details of Seller">
        <column xsi:type="int" name="id" padding="11" nullable="false" identity="true" comment="ID"/>
        <column xsi:type="int" name="customer_id" unsigned="true" nullable="false" comment="Magento Customer ID"/>
        <column  xsi:type="varchar" name="first_name" nullable="false"   length="100" comment="First Name"/>
        <column  xsi:type="varchar" name="last_name" nullable="true"  default="NULL"  length="100" comment="Last Name"/>
        <column  xsi:type="varchar" name="email_id"  nullable="false" length="100" comment="Seller Email"/>
        <column  xsi:type="varchar" name="mobile_number"  nullable="false" length="50" comment="Seller Mobile Number"/>
        <column  xsi:type="varchar" name="routing_no"  nullable="true" default="NULL" length="100" />
        <column  xsi:type="varchar" name="store_url"  nullable="true" default="NULL" length="500" />
        <column  xsi:type="varchar" name="account_no"  nullable="true" default="NULL" length="100" />
        <column  xsi:type="decimal" name="total_earning" nullable="true" scale="2" precision="10"/>
        <column xsi:type="int" name="total_customer_order" padding="11" nullable="true" />
        <column xsi:type="decimal" name="available_cash" nullable="true"  scale="2" precision="10"/>
        <column xsi:type="text" name="bank_info" nullable="true"/>
        <column  xsi:type="varchar" name="creditcard_no"  nullable="true" default="NULL" length="30" />
        <column  xsi:type="varchar" name="exp_date"  nullable="true" default="NULL" length="30" />
        <column  xsi:type="varchar" name="zip_code"  nullable="true" default="NULL" length="30" />
        <column xsi:type="varchar"  name="created_by" nullable="true" default="NULL" length="50"/>
        <column xsi:type="varchar"  name="updated_by" nullable="true" default="NULL" length="50"/>
        <column xsi:type="datetime" name="created_at" nullable="false" default="CURRENT_TIMESTAMP" on_update="false"/>
        <column xsi:type="datetime" name="updated_at" nullable="true" default="CURRENT_TIMESTAMP" on_update="true"/>
        <column xsi:type="smallint" name="is_active" identity="false"  default="1" nullable="false" />
        <column xsi:type="smallint" name="is_delete" identity="false"  default="0" nullable="false"/>

        <constraint xsi:type="primary" referenceId="PRIMARY">
            <column name="id"/>
        </constraint>
         <constraint xsi:type="unique" referenceId="BAZAR_SELLER_EMAIL_ID">
                        <column name="email_id"/>
                </constraint>
        <constraint xsi:type="foreign" referenceId="CUSTOMER_ENTITY_ID_BAZAR_SELLER_CUSTOMER_ID" referenceColumn="entity_id" referenceTable="customer_entity" column="customer_id" table="bazar_seller" onDelete="CASCADE"/>
    </table>
            
    
</schema>
