<?xml version="1.0" ?>
<config xmlns:xsi="http://www.w3.org/2001/XMLSchema-instance" xsi:noNamespaceSchemaLocation="urn:magento:framework:ObjectManager/etc/config.xsd">

	<preference for="Bazar\SellerManagement\Api\Data\SellerInterface" type="Bazar\SellerManagement\Model\Data\Seller"/>
	<preference for="Bazar\SellerManagement\Api\SellerRepositoryInterface" type="Bazar\SellerManagement\Model\SellerRepository"/>
	<preference for="Bazar\SellerManagement\Api\Data\SellerSearchResultsInterface" type="Magento\Framework\Api\SearchResults"/>

	<type name="Magento\Framework\View\Element\UiComponent\DataProvider\CollectionFactory">
        <arguments>
            <argument name="collections" xsi:type="array">
                <item name="bazar_sellermanagement_seller_listing_data_source" xsi:type="string">Bazar\SellerManagement\Model\ResourceModel\Seller\Grid\Collection</item>
            </argument>
        </arguments>
    </type>
    <virtualType name="Bazar\SellerManagement\Model\ResourceModel\Seller\Grid\Collection" type="Magento\Framework\View\Element\UiComponent\DataProvider\SearchResult">
        <arguments>
            <argument name="mainTable" xsi:type="string">bazar_seller</argument>
            <argument name="resourceModel" xsi:type="string">Bazar\SellerManagement\Model\ResourceModel\Seller</argument>
        </arguments>
    </virtualType>
	<!-- <preference for="Bazar\SellerManagement\Api\InviteRepositoryInterface" type="Bazar\SellerManagement\Model\InviteRepository"/>
	<preference for="Bazar\SellerManagement\Api\Data\InviteInterface" type="Bazar\SellerManagement\Model\Data\invite"/>
	<preference for="Bazar\SellerManagement\Api\Data\InviteSearchResultsInterface" type="Magento\Framework\Api\SearchResults"/> -->
	
	<!-- <virtualType name="Bazar\SellerManagement\Model\ResourceModel\Invite\Grid\Collection" type="Magento\Framework\View\Element\UiComponent\DataProvider\SearchResult">
		<arguments>
			<argument name="mainTable" xsi:type="string">bazar_invite_code</argument>
			<argument name="resourceModel" xsi:type="string">Bazar\SellerManagement\Model\ResourceModel\Invite\Collection</argument>
		</arguments>
	</virtualType> -->
	<!-- <type name="Magento\Framework\View\Element\UiComponent\DataProvider\CollectionFactory">
		<arguments>
			<argument name="collections" xsi:type="array">
				<item name="bazar_invite_code_listing_data_sources" xsi:type="string">Bazar\SellerManagement\Model\ResourceModel\Invite\Grid\Collection</item>
			</argument>
		</arguments>
	</type> -->

</config>
