<?xml version="1.0"?>
<routes xmlns:xsi="http://www.w3.org/2001/XMLSchema-instance"
        xsi:noNamespaceSchemaLocation="urn:magento:module:Magento_Webapi:etc/webapi.xsd">

    <route url="/V1/bazar/seller/register" method="POST">
        <service class="Bazar\SellerManagement\Api\SellerRepositoryInterface" method="save"/>
        <resources>
            <resource ref="Bazar_SellerManagement::SellerManagement_save"/>
        </resources>
    </route>

    <route url="/V1/bazar/seller/verify" method="POST">
        <service class="Bazar\SellerManagement\Api\SellerRepositoryInterface" method="verifyCustomer"/>
        <resources>
            <resource ref="Bazar_SellerManagement::SellerManagement_save"/>
        </resources>
    </route>
    <route url="/V1/bazar/seller/account/get" method="GET">
        <service class="Bazar\SellerManagement\Api\SellerRepositoryInterface" method="checkCustomerExists"/>
        <resources>
            <resource ref="Bazar_SellerManagement::SellerManagement_view"/>
        </resources>
    </route>
    <route method="GET" url="/V1/bazar/seller/search">
		<service class="Bazar\SellerManagement\Api\SellerRepositoryInterface" method="getList"/>
		<resources>
			<resource ref="Bazar_SellerManagement::SellerManagement_view"/>
		</resources>
	</route>
    <route method="DELETE" url="/V1/bazar/seller/delete/:id">
		<service class="Bazar\SellerManagement\Api\SellerRepositoryInterface" method="delete"/>
		<resources>
			<resource ref="Bazar_SellerManagement::SellerManagement_view"/>
		</resources>
        <data>
            <parameter name="customerId" force="true">%customer_id%</parameter>
        </data>
	</route>
    <route url="/V1/bazar/customer/sellertoken" method="POST">
        <service class="Bazar\SellerManagement\Api\SellerRepositoryInterface" method="createCustomerAccessToken"/>
        <resources>
            <resource ref="anonymous"/>
        </resources>
    </route>

    <route url="/V1/bazar/password/sellerchange" method="POST">
        <service class="Bazar\SellerManagement\Api\SellerRepositoryInterface" method="changePassword"/>
        <resources>
            <resource ref="self"/>
        </resources>
        <data>
            <parameter name="customerId" force="true">%customer_id%</parameter>
        </data>
    </route>
    <route url="/V1/bazar/reset-password/code/:selleremail" method="GET">
        <service class="Bazar\SellerManagement\Api\SellerRepositoryInterface" method="getPasswordResetCode"/>
        <resources>
            <resource ref="anonymous"/>
        </resources>
    </route>
    <route url="/V1/bazar/reset-password/setsellerpassword/" method="POST">
        <service class="Bazar\SellerManagement\Api\SellerRepositoryInterface" method="checkVerificationCodeAndSetPassword"/>
        <resources>
            <resource ref="anonymous"/>
        </resources>
   </route>
    <route url="/V1/bazar/email/emailVerification/" method="POST">
        <service class="Bazar\SellerManagement\Api\SellerRepositoryInterface" method="emailVerification"/>
        <resources>
            <resource ref="anonymous"/>
        </resources>
   </route>
    <route url="/V1/bazar/seller/details" method="POST">
        <service class="Bazar\SellerManagement\Api\SellerRepositoryInterface" method="signUpBazarSeller"/>
        <resources>
            <resource ref="anonymous"/>
        </resources>
    </route> 
    <route url="/V1/bazar/seller/invite/verify" method="GET">
        <service class="Bazar\SellerManagement\Api\SellerRepositoryInterface" method="validateInviteCode"/>
        <resources>
            <resource ref="Bazar_SellerManagement::SellerManagement_view"/>
        </resources>
    </route>

    <route url="/V1/bazar/seller/setstoreurl" method="PUT">
        <service class="Bazar\SellerManagement\Api\SellerRepositoryInterface" method="setSellerStoreUrl"/>
        <resources>
            <resource ref="anonymous"/>
        </resources>
    </route>
</routes>
