{
    "aria_multi_seller_deal": {
        "column": {
            "id": true,
            "product_id": true,
            "seller_id": true,
            "deal_status": true,
            "deal_type": true,
            "deal_value": true,
            "deal_start_date": true,
            "deal_end_date": true,
            "created_by": true,
            "updated_by": true,
            "created_at": true,
            "updated_at": true,
            "is_active": true
        },
        "index": {
            "ARIA_MULTI_SELLER_DEAL_ID": true,
            "ARIA_MULTI_SELLER_DEAL_PRODUCT_ID": true,
            "ARIA_MULTI_SELLER_DEAL_SELLER_ID": true
        },
        "constraint": {
            "PRIMARY": true,
            "ARIA_MULTI_SELLER_DEAL_PRD_ID_CAT_PRD_ENTT_ENTT_ID": true,
            "ARIA_MULTI_SELLER_DEAL_SELLER_ID_CUSTOMER_ENTITY_ENTITY_ID": true
        }
    },
    "aria_multi_seller_orders": {
        "column": {
            "id": true,
            "order_id": true,
            "shipment_id": true,
            "invoice_id": true,
            "creditmemo_id": true,
            "is_cancelled": true,
            "created_by": true,
            "updated_by": true,
            "created_at": true,
            "updated_at": true,
            "is_active": true
        },
        "index": {
            "ARIA_MULTI_SELLER_ORDERS_ID": true,
            "ARIA_MULTI_SELLER_ORDERS_ORDER_ID": true,
            "ARIA_MULTI_SELLER_ORDERS_SHIPMENT_ID": true,
            "ARIA_MULTI_SELLER_ORDERS_INVOICE_ID": true,
            "ARIA_MULTI_SELLER_ORDERS_CREDITMEMO_ID": true
        },
        "constraint": {
            "PRIMARY": true,
            "ARIA_MULTI_SELLER_ORDERS_ORDER_ID_SALES_ORDER_ENTITY_ID": true,
            "ARIA_MULTI_SELLER_ORDERS_SHIPMENT_ID_SALES_SHIPMENT_ENTITY_ID": true,
            "ARIA_MULTI_SELLER_ORDERS_INVOICE_ID_SALES_INVOICE_ENTITY_ID": true,
            "ARIA_MULTI_SELLER_ORDERS_CREDITMEMO_ID_SALES_CREDITMEMO_ENTT_ID": true
        }
    },
    "aria_multi_seller_product": {
        "column": {
            "id": true,
            "product_id": true,
            "seller_id": true,
            "website_id": true,
            "price": true,
            "qty": true,
            "status": true,
            "is_owner": true,
            "created_by": true,
            "updated_by": true,
            "created_at": true,
            "updated_at": true,
            "is_active": true,
            "special_price": true,
            "special_from_date": true,
            "special_to_date": true,
            "sku": true,
            "product_name": true
        },
        "index": {
            "ARIA_MULTI_SELLER_PRODUCT_ID": true,
            "ARIA_MULTI_SELLER_PRODUCT_PRODUCT_ID": true,
            "ARIA_MULTI_SELLER_PRODUCT_SELLER_ID": true
        },
        "constraint": {
            "PRIMARY": true,
            "ARIA_MULTI_SELLER_PRD_PRD_ID_CAT_PRD_ENTT_ENTT_ID": true,
            "ARIA_MULTI_SELLER_PRODUCT_SELLER_ID_CUSTOMER_ENTITY_ENTITY_ID": true
        }
    },
    "aria_multi_seller_saleperseller": {
        "column": {
            "id": true,
            "seller_id": true,
            "total_sale": true,
            "amount_received": true,
            "amount_paid": true,
            "amount_remain": true,
            "commission": true,
            "created_by": true,
            "updated_by": true,
            "created_at": true,
            "updated_at": true,
            "is_active": true
        },
        "index": {
            "ARIA_MULTI_SELLER_SALEPERSELLER_ID": true,
            "ARIA_MULTI_SELLER_SALEPERSELLER_SELLER_ID": true
        },
        "constraint": {
            "PRIMARY": true,
            "ARIA_MULTI_SELLER_SALEPERSELLER_SELLER_ID_CSTR_ENTT_ENTT_ID": true
        }
    }
}