<?xml version="1.0" ?>
<!--
/**
 * Copyright © Magento, Inc. All rights reserved.
 * See COPYING.txt for license details.
 */
-->
<schema xmlns:xsi="http://www.w3.org/2001/XMLSchema-instance"
        xsi:noNamespaceSchemaLocation="urn:magento:framework:Setup/Declaration/Schema/etc/schema.xsd">
    <table name="aria_multi_seller_deal" resource="default" engine="innodb"
           comment="Details of offers or deals from supplier">
        <column xsi:type="int" name="id" padding="11" nullable="false" identity="true" comment="ID"/>
        <column xsi:type="int" name="product_id" padding="11" unsigned="true" nullable="false" identity="false"
                comment="Product Id"/>
        <column xsi:type="int" name="seller_id" padding="11" unsigned="true" nullable="false" identity="false"
                comment="Seller Id"/>
        <column xsi:type="int" name="deal_status" padding="11" nullable="false" identity="false"
                comment="Deal status"/>
        <column xsi:type="int" name="deal_type" padding="11" nullable="false" identity="false"
                comment="fixed or percentage"/>
        <column xsi:type="int" name="deal_value" padding="11" nullable="false" identity="false"
                comment="Deal value"/>
        <column xsi:type="datetime" name="deal_start_date" nullable="false" comment="Deal start date"/>
        <column xsi:type="datetime" name="deal_end_date" nullable="false" comment="Deal end date"/>
        <column xsi:type="varchar" name="created_by" nullable="true" default="null" length="50"/>
        <column xsi:type="varchar" name="updated_by" nullable="true" default="null" length="50"/>
        <column xsi:type="datetime" name="created_at" nullable="false" default="CURRENT_TIMESTAMP" on_update="false"/>
        <column xsi:type="datetime" name="updated_at" nullable="true" default="CURRENT_TIMESTAMP" on_update="true"/>
        <column xsi:type="smallint" name="is_active" nullable="false" identity="false"/>
        <constraint xsi:type="primary" referenceId="PRIMARY">
            <column name="id"/>
        </constraint>
        <constraint xsi:type="foreign" referenceId="ARIA_MULTI_SELLER_DEAL_PRODUCT_ID_CATALOG_PRODUCT_ENTITY_ENTITY_ID"
                    table="aria_multi_seller_deal" column="product_id"
                    referenceTable="catalog_product_entity" referenceColumn="entity_id"
                    onDelete="CASCADE"/>
        <constraint xsi:type="foreign" referenceId="ARIA_MULTI_SELLER_DEAL_SELLER_ID"
                    table="aria_multi_seller_deal" column="seller_id"
                    referenceTable="customer_entity" referenceColumn="entity_id"
                    onDelete="CASCADE"/>
        <index referenceId="ARIA_MULTI_SELLER_DEAL_ID" indexType="btree">
            <column name="id"/>
        </index>
        <index referenceId="ARIA_MULTI_SELLER_DEAL_PRODUCT_ID" indexType="btree">
            <column name="product_id"/>
        </index>
        <index referenceId="ARIA_MULTI_SELLER_DEAL_SELLER_ID" indexType="btree">
            <column name="seller_id"/>
        </index>
    </table>
    <table name="aria_multi_seller_orders" resource="default" engine="innodb"
           comment="Details of orders of a supplier">
        <column xsi:type="int" name="id" padding="10" nullable="false" identity="true" comment="ID"/>
        <column xsi:type="int" name="order_id" padding="10" nullable="false" unsigned="true" identity="false"
                comment="Order Id"/>
        <column xsi:type="int" name="shipment_id" padding="10" nullable="false" unsigned="true" identity="false"
                comment="Shipment Id"/>
        <column xsi:type="int" name="invoice_id" padding="10" nullable="false" unsigned="true"
                identity="false" comment="Invoice Id"/>
        <column xsi:type="int" name="creditmemo_id" padding="10" nullable="false" unsigned="true" identity="false"
                comment="Credit memo Id"/>
        <column xsi:type="smallint" name="is_cancelled" padding="2" nullable="false" identity="false"
                comment="Is cancelled"/>
        <column xsi:type="varchar" name="created_by" nullable="true" default="null" length="50"/>
        <column xsi:type="varchar" name="updated_by" nullable="true" default="null" length="50"/>
        <column xsi:type="datetime" name="created_at" nullable="false" default="CURRENT_TIMESTAMP" on_update="false"/>
        <column xsi:type="datetime" name="updated_at" nullable="true" default="CURRENT_TIMESTAMP" on_update="true"/>
        <column xsi:type="smallint" name="is_active" nullable="false" identity="false" />
        <constraint xsi:type="primary" referenceId="PRIMARY">
            <column name="id"/>
        </constraint>
        <constraint xsi:type="foreign" referenceId="ARIA_MULTI_SELLER_ORDERS_ORDER_ID_SALES_ORDER_ENTITY_ID"
                    table="aria_multi_seller_orders" column="order_id"
                    referenceTable="sales_order" referenceColumn="entity_id"
                    onDelete="CASCADE"/>
        <constraint xsi:type="foreign" referenceId="ARIA_MULTI_SELLER_ORDERS_SHIPMENT_ID_SALES_SHIPMENT_ENTITY_ID"
                    table="aria_multi_seller_orders" column="shipment_id"
                    referenceTable="sales_shipment" referenceColumn="entity_id"
                    onDelete="CASCADE"/>
        <constraint xsi:type="foreign" referenceId="ARIA_MULTI_SELLER_ORDERS_INVOICE_ID_SALES_INVOICE_ENTITY_ID"
                    table="aria_multi_seller_orders" column="invoice_id"
                    referenceTable="sales_invoice" referenceColumn="entity_id"
                    onDelete="CASCADE"/>
        <constraint xsi:type="foreign" referenceId="ARIA_MULTI_SELLER_ORDERS_CREDITMEMO_ID_SALES_CREDITMEMO_ENTITY_ID"
                    table="aria_multi_seller_orders" column="creditmemo_id"
                    referenceTable="sales_creditmemo" referenceColumn="entity_id"
                    onDelete="CASCADE"/>
        <index referenceId="ARIA_MULTI_SELLER_ORDERS_ORDER_ID" indexType="btree">
            <column name="order_id"/>
        </index>
        <index referenceId="ARIA_MULTI_SELLER_ORDERS_SHIPMENT_ID" indexType="btree">
            <column name="shipment_id"/>
        </index>
        <index referenceId="ARIA_MULTI_SELLER_ORDERS_INVOICE_ID" indexType="btree">
            <column name="invoice_id"/>
        </index>
        <index referenceId="ARIA_MULTI_SELLER_ORDERS_CREDITMEMO_ID" indexType="btree">
            <column name="creditmemo_id"/>
        </index>
    </table>
    <table name="aria_multi_seller_product" resource="default" engine="innodb"
           comment="Details of products of a supplier">
        <column xsi:type="int" name="id" padding="11" nullable="false" identity="true" comment="ID"/>
        <column xsi:type="int" name="product_id" padding="11" nullable="false" unsigned="true" identity="false"
                comment="Product Id"/>
        <column xsi:type="int" name="seller_id" padding="11" nullable="false" identity="false" unsigned="true"
                comment="Seller Id"/>
        <column xsi:type="smallint" name="website_id" padding="5" nullable="false" identity="false"
                comment="Website Id"/>
        <column xsi:type="decimal" name="price" scale="4" precision="12" nullable="false" comment="price"/>
        <column xsi:type="int" name="qty" padding="11" nullable="false" identity="false" comment="Quantity"/>
        <column xsi:type="int" name="status" padding="4" nullable="false" identity="false" comment="Status"/>
        <column xsi:type="smallint" name="is_owner" padding="2" nullable="false" identity="false"
                comment="Is owner"/>
        <column xsi:type="decimal" name="special_price" scale="4" precision="12" nullable="true" comment="special price"/>
        <column xsi:type="datetime" name="special_from_date" nullable="true" />
        <column xsi:type="datetime" name="special_to_date" nullable="true" />
        <column xsi:type="varchar" name="sku" nullable="true" length="64" comment="SKU"/>
        <column xsi:type="varchar" name="product_name" nullable="true" length="255" comment="Product Name"/>
        <column xsi:type="int" name="min_sale_qty" padding="11" default="0" identity="false" comment="Min sale Quantity"/>
        <column xsi:type="varchar" name="created_by" nullable="true" default="null" length="50"/>
        <column xsi:type="varchar" name="updated_by" nullable="true" default="null" length="50"/>
        <column xsi:type="datetime" name="created_at" nullable="false" default="CURRENT_TIMESTAMP" on_update="false"/>
        <column xsi:type="datetime" name="updated_at" nullable="true" default="CURRENT_TIMESTAMP" on_update="true"/>
        <column xsi:type="smallint" name="is_active" nullable="false" identity="false" />
        <column xsi:type="smallint" default="0" identity="false" name="is_delete" nullable="false" />  
        <column xsi:type="int" name="max_sale_qty" padding="11" default="0" identity="false" comment="Max sale Quantity"/>
        <constraint xsi:type="primary" referenceId="PRIMARY">
            <column name="id"/>
        </constraint>
        <constraint xsi:type="foreign" referenceId="ARIA_MULTI_SELLER_PRODUCT_PRODUCT_ID_CATALOG_PRODUCT_ENTITY_ENTITY_ID"
                    table="aria_multi_seller_product" column="product_id"
                    referenceTable="catalog_product_entity" referenceColumn="entity_id"
                    onDelete="CASCADE"/>
        <constraint xsi:type="foreign" referenceId="ARIA_MULTI_SELLER_PRODUCT_SELLER_ID_CUSTOMER_ENTITY_ENTITY_ID"
                    table="aria_multi_seller_product" column="seller_id"
                    referenceTable="customer_entity" referenceColumn="entity_id"
                    onDelete="CASCADE"/>
        <index referenceId="ARIA_MULTI_SELLER_PRODUCT_PRODUCT_ID" indexType="btree">
            <column name="product_id"/>
        </index>
        <index referenceId="ARIA_MULTI_SELLER_PRODUCT_SELLER_ID" indexType="btree">
            <column name="seller_id"/>
        </index>
    </table>
    <table name="aria_multi_seller_saleperseller" resource="default" engine="innodb"
           comment="Details of sales data of supplier">
        <column xsi:type="int" name="id" padding="11" nullable="false" identity="true" comment="ID"/>
        <column xsi:type="int" name="seller_id" padding="11" nullable="false" unsigned="true" identity="false"
                comment="Seller Id"/>
        <column xsi:type="int" name="total_sale" padding="11" nullable="false" identity="false"
                comment="Total sale"/>
        <column xsi:type="int" name="amount_received" padding="11" nullable="false" identity="false"
                comment="Amount received"/>
        <column xsi:type="int" name="amount_paid" padding="11" nullable="false" identity="false"
                comment="Amount paid"/>
        <column xsi:type="int" name="amount_remain" padding="11" nullable="false" identity="false"
                comment="Amount remain"/>
        <column xsi:type="int" name="commission" padding="11" nullable="false" identity="false"
                comment="Commission"/>
        <column xsi:type="varchar" name="created_by" nullable="true" default="null" length="50"/>
        <column xsi:type="varchar" name="updated_by" nullable="true" default="null" length="50"/>
        <column xsi:type="datetime" name="created_at" nullable="false" default="CURRENT_TIMESTAMP" on_update="false"/>
        <column xsi:type="datetime" name="updated_at" nullable="true" default="CURRENT_TIMESTAMP" on_update="true"/>
        <column xsi:type="smallint" name="is_active" nullable="false" identity="false"/>
       <constraint xsi:type="primary" referenceId="PRIMARY">
            <column name="id"/>
        </constraint>
        <constraint xsi:type="foreign" referenceId="ARIA_MULTI_SELLER_SALEPERSELLER_SELLER_ID_CUSTOMER_ENTITY_ENTITY_ID"
                    table="aria_multi_seller_saleperseller" column="seller_id"
                    referenceTable="customer_entity" referenceColumn="entity_id"
                    onDelete="CASCADE"/>
        <index referenceId="ARIA_MULTI_SELLER_SALEPERSELLER_SELLER_ID" indexType="btree">
            <column name="seller_id"/>
        </index>
    </table>

    <table resource="default" name="aria_venue_credit_status" engine="innodb" comment="Aria Venue Credit Status Table">
        <column  xsi:type="int" name="id" comment="Id" unsigned="true" padding="11" nullable="false" identity="true"/>
        <constraint xsi:type="primary" referenceId="PRIMARY">
        <column name="id"/>
        </constraint>
        <column identity="false" name="seller_id" nullable="false" unsigned="true" xsi:type="int"/>
        <column identity="false" name="venue_id" nullable="false" unsigned="true" xsi:type="int"/>
        <column xsi:type="smallint" name="status" nullable="true" identity="false"/>
        <column xsi:type="varchar" name="created_by" nullable="true" default="null" length="50"/>
        <column xsi:type="varchar" name="updated_by" nullable="true" default="null" length="50"/>
        <column xsi:type="datetime" name="created_at" nullable="false" default="CURRENT_TIMESTAMP" on_update="false"/>
        <column xsi:type="datetime" name="updated_at" nullable="true" default="CURRENT_TIMESTAMP" on_update="true"/>
        <column xsi:type="smallint" name="is_active" nullable="false" identity="false"/>
        <constraint xsi:type="foreign" referenceId="ARIA_VENUE_CREDIT_STATUS_SELLER_ID_CUSTOMER_ENTITY_ENTITY_ID" referenceColumn="entity_id" referenceTable="customer_entity" column="seller_id" table="aria_venue_credit_status" onDelete="CASCADE"/>
        <constraint xsi:type="foreign" referenceId="ARIA_VENUE_CREDIT_STATUS_VENUE_ID_ARIA_VENUE_ID" referenceColumn="id" referenceTable="aria_venue" column="venue_id" table="aria_venue_credit_status" onDelete="CASCADE"/>
    </table>
    <table name="aria_product_favorite" resource="default" engine="innodb"
           comment="create favorites for product">
        <column xsi:type="int" name="id" padding="11" nullable="false" identity="true" comment="ID"/>
        <column xsi:type="int" name="venue_user_id" padding="11" unsigned="true" nullable="false" identity="false"
                comment="venue user Id"/>
        <column xsi:type="int" name="venue_id" padding="11" unsigned="true" nullable="false" identity="false"
                comment="venue Id"/>
        <column  xsi:type="varchar" name="favorite_name" nullable="false" length="255" comment="Favorite name"/>
        <column xsi:type="varchar" name="created_by" nullable="true" default="null" length="50"/>
        <column xsi:type="varchar" name="updated_by" nullable="true" default="null" length="50"/>
        <column xsi:type="datetime" name="created_at" nullable="false" default="CURRENT_TIMESTAMP" on_update="false"/>
        <column xsi:type="datetime" name="updated_at" nullable="true" default="CURRENT_TIMESTAMP" on_update="true"/>
        <column xsi:type="smallint" name="is_active" nullable="false" identity="false"/>
        <column xsi:type="smallint" default="0" identity="false" name="is_delete" nullable="false" /> 
        <column xsi:type="smallint" default="0" identity="false" name="is_schedule" nullable="false" />  
        <constraint xsi:type="primary" referenceId="PRIMARY">
            <column name="id"/>
        </constraint>
        <constraint xsi:type="foreign" referenceId="ARIA_PRODUCT_FAVORITE_VENUE_USER_ID_ARIA_VENUE_USER_ID"
                    table="aria_product_favorite" column="venue_user_id"
                    referenceTable="aria_venue_user" referenceColumn="id"
                    onDelete="CASCADE"/>
        <constraint xsi:type="foreign" referenceId="ARIA_PRODUCT_FAVORITE_VENUE_ID_ARIA_VENUE_ID"
                    table="aria_product_favorite" column="venue_id"
                    referenceTable="aria_venue" referenceColumn="id"
                    onDelete="CASCADE"/>
        <index referenceId="ARIA_PRODUCT_FAVORITE_VENUE_USER_ID_ARIA_VENUE_USER_ID" indexType="btree">
            <column name="venue_user_id"/>
        </index>
        <index referenceId="ARIA_PRODUCT_FAVORITE_VENUE_ID_ARIA_VENUE_ID" indexType="btree">
            <column name="venue_id"/>
        </index>
    </table>
    <table name="aria_product_favorite_item" resource="default" engine="innodb" comment="Fvaorite items">
        <column xsi:type="int" name="id" unsigned="true" nullable="false" identity="true"
                comment="ID"/>
        <column xsi:type="int" name="favorite_id" padding="11" nullable="false" identity="false"
                comment="favorite ID"/>
        <column xsi:type="int" name="product_id" unsigned="true" nullable="false" identity="false"
                default="0" comment="Product ID"/>
        <column xsi:type="smallint" name="store_id" unsigned="true" nullable="true" identity="false"
                comment="Store ID"/>
        <column xsi:type="int" name="qty" padding="11" nullable="false" identity="false" comment="Quantity"/>
        <column xsi:type="varchar" name="created_by" nullable="true" default="null" length="50"/>
        <column xsi:type="varchar" name="updated_by" nullable="true" default="null" length="50"/>
        <column xsi:type="datetime" name="created_at" nullable="false" default="CURRENT_TIMESTAMP" on_update="false"/>
        <column xsi:type="datetime" name="updated_at" nullable="true" default="CURRENT_TIMESTAMP" on_update="true"/>
        <column xsi:type="smallint" name="is_active" nullable="false" identity="false"/>
        <column xsi:type="smallint" default="0" identity="false" name="is_delete" nullable="false" />  
        <constraint xsi:type="primary" referenceId="PRIMARY">
            <column name="id"/>
        </constraint>
        <constraint xsi:type="foreign" referenceId="FAVORITE_ITEM_FAVORITE_ID_FAVORITE_ID" table="aria_product_favorite_item"
                    column="favorite_id" referenceTable="aria_product_favorite" referenceColumn="id" onDelete="CASCADE"/>
        <constraint xsi:type="foreign" referenceId="FAVORITE_ITEM_PRODUCT_ID_CATALOG_PRODUCT_ENTITY_ENTITY_ID"
                    table="aria_product_favorite_item" column="product_id" referenceTable="catalog_product_entity"
                    referenceColumn="entity_id" onDelete="CASCADE"/>
        <constraint xsi:type="foreign" referenceId="FAVORITE_ITEM_STORE_ID_STORE_STORE_ID" table="aria_product_favorite_item"
                    column="store_id" referenceTable="store" referenceColumn="store_id" onDelete="SET NULL"/>
        <index referenceId="FAVORITE_ITEM_FAVORITE_ID" indexType="btree">
            <column name="favorite_id"/>
        </index>
        <index referenceId="FAVORITE_ITEM_PRODUCT_ID" indexType="btree">
            <column name="product_id"/>
        </index>
        <index referenceId="FAVORITE_ITEM_STORE_ID" indexType="btree">
            <column name="store_id"/>
        </index>
    </table>
</schema>
