<?xml version="1.0"?>
<!--
/**
 * Copyright © Magento, Inc. All rights reserved.
 * See COPYING.txt for license details.
 */
-->
<config xmlns:xsi="http://www.w3.org/2001/XMLSchema-instance" xsi:noNamespaceSchemaLocation="urn:magento:framework:ObjectManager/etc/config.xsd">
    <preference for="Aria\ProductManagement\Api\MultiSellerProductRepositoryInterface" type="Aria\ProductManagement\Model\MultiSellerProductsRepository" />
    <preference for="Aria\ProductManagement\Api\Data\MultiSellerProductInterface" type="Aria\ProductManagement\Model\MultiSellerProducts" />
    <preference for="Aria\ProductManagement\Api\VenueCreditstatusRepositoryInterface" type="Aria\ProductManagement\Model\VenueCreditstatusRepository" />
    <preference for="Aria\ProductManagement\Api\Data\VenueCreditstatusInterface" type="Aria\ProductManagement\Model\Data\VenueCreditstatus" />
    <preference for="Aria\ProductManagement\Api\ProductFavoriteRepositoryInterface" type="Aria\ProductManagement\Model\ProductFavoriteRepository" />
    <preference for="Aria\ProductManagement\Api\Data\ProductFavoriteInterface" type="Aria\ProductManagement\Model\Data\ProductFavorite" />
    <preference for="Aria\ProductManagement\Api\Data\ProductFavoriteSearchResultsInterface" type="Magento\Framework\Api\SearchResults"/>
    <preference for="Aria\ProductManagement\Api\ProductFavoriteItemRepositoryInterface" type="Aria\ProductManagement\Model\ProductFavoriteItemRepository" />
    <preference for="Aria\ProductManagement\Api\Data\ProductFavoriteItemInterface" type="Aria\ProductManagement\Model\Data\ProductFavoriteItem" />
    <preference for="Magento\CatalogGraphQl\Model\Resolver\Products" type="Aria\ProductManagement\Model\Resolver\Products"/>
    <preference for="Aria\ProductManagement\Api\ProductgetRepositoryInterface" type="Aria\ProductManagement\Model\ProductgetRepository" />

    <type name="Magento\Catalog\Model\Product\LinkTypeProvider">
        <arguments>
            <argument name="linkTypes" xsi:type="array">
                <item name="substitution" xsi:type="const">Aria\ProductManagement\Model\Product\Link::LINK_TYPE_SUBSTITUTION</item>
            </argument>
        </arguments>
    </type>
    <type name="Magento\Catalog\Model\ProductLink\CollectionProvider">
        <arguments>
            <argument name="providers" xsi:type="array">
                <item name="substitution" xsi:type="object">Aria\ProductManagement\Model\ProductLink\CollectionProvider\Substitution</item>
            </argument>
        </arguments>
    </type>
    <type name="Magento\Catalog\Api\ProductRepositoryInterface">
        <plugin name="get_product_metrics" type="Aria\ProductManagement\Plugin\ProductGet"/>
    </type>
    <type name="Magento\Catalog\Api\ProductRepositoryInterface">
        <plugin name="beforeproductCollectionPlugin" type="Aria\ProductManagement\Plugin\CollectionPlugin" />
    </type>
    <type name="Magento\Catalog\Api\ProductRepositoryInterface">
        <plugin name="import_product" type="Aria\ProductManagement\Plugin\ProductSaveBefore" />
    </type>
    <type name="Magento\Catalog\Api\ProductRepositoryInterface">
        <plugin name="import_product_save_after" type="Aria\ProductManagement\Plugin\ProductSaveAfter" sortOrder="20"/>
    </type>
</config>
