<?xml version="1.0"?>
<!--
/**
 * Copyright © Magento, Inc. All rights reserved.
 * See COPYING.txt for license details.
 */
-->
<config xmlns:xsi="http://www.w3.org/2001/XMLSchema-instance" xsi:noNamespaceSchemaLocation="urn:magento:framework:Api/etc/extension_attributes.xsd">
    <extension_attributes for="Magento\Catalog\Api\Data\ProductInterface">
        <attribute code="brand_name" type="string"/>
    </extension_attributes>
    <extension_attributes for="Magento\Catalog\Api\Data\ProductInterface">
        <attribute code="supplier_id" type="string"/>
    </extension_attributes>
    <extension_attributes for="Magento\Catalog\Api\Data\ProductInterface">
        <attribute code="supplier_name" type="string"/>
    </extension_attributes>
     <extension_attributes for="Magento\Catalog\Api\Data\ProductInterface">
        <attribute code="supplier_details" type="string[]"/>
    </extension_attributes>
    <extension_attributes for="Magento\Catalog\Api\Data\ProductInterface">
        <attribute code="qty" type="string"/>
        <attribute code="salable_qty" type="int"/>
    </extension_attributes>
    <extension_attributes for="Magento\Catalog\Api\Data\ProductInterface">
        <attribute code="product_categories" type="string[]"/>
    </extension_attributes>
   <extension_attributes for="Magento\Catalog\Api\Data\ProductInterface">
        <attribute code="unit_cost" type="string"/>
    </extension_attributes>
    <extension_attributes for="Magento\Catalog\Api\Data\ProductInterface">
        <attribute code="min_order_qty" type="string"/>
    </extension_attributes>
    <extension_attributes for="Magento\Catalog\Api\Data\ProductInterface">
        <attribute code="multi_seller_product_special_price" type="string"/>
    </extension_attributes>
    <extension_attributes for="Magento\Catalog\Api\Data\ProductInterface">
        <attribute code="multi_seller_product_special_from_date" type="string"/>
    </extension_attributes>
    <extension_attributes for="Magento\Catalog\Api\Data\ProductInterface">
        <attribute code="multi_seller_product_special_to_date" type="string"/>
    </extension_attributes>
    <extension_attributes for="Magento\Catalog\Api\Data\ProductInterface">
        <attribute code="status" type="int"/>
    </extension_attributes>
    <extension_attributes for="Magento\Catalog\Api\Data\ProductInterface">
        <attribute code="is_active" type="int"/>
    </extension_attributes>
    <extension_attributes for="Magento\Catalog\Api\Data\ProductInterface">
        <attribute code="is_delete" type="int"/>
    </extension_attributes>
    <extension_attributes for="Magento\Catalog\Api\Data\ProductInterface">
        <attribute code="is_owner" type="int"/>
    </extension_attributes>
    <extension_attributes for="Magento\Catalog\Api\Data\ProductInterface">
        <attribute code="multi_seller_product_price" type="string"/>
    </extension_attributes>
    <extension_attributes for="Magento\Catalog\Api\Data\ProductInterface">
        <attribute code="allergenNames" type="string[]"/>
    </extension_attributes>
    <extension_attributes for="Magento\Catalog\Api\Data\ProductInterface">
        <attribute code="other_suppliername" type="string[]"/>
    </extension_attributes>
    <extension_attributes for="Magento\Catalog\Api\Data\ProductInterface">
        <attribute code="productcatagory_name" type="string"/>
    </extension_attributes>
        <extension_attributes for="Magento\Catalog\Api\Data\ProductInterface">
        <attribute code="product_subcatagoryname" type="string[]"/>
    </extension_attributes>
    <extension_attributes for="Magento\Catalog\Api\Data\ProductInterface">
        <attribute code="credit_status" type="int[]"/>
    </extension_attributes>
    <extension_attributes for="Magento\Catalog\Api\Data\ProductInterface">
        <attribute code="max_order_qty" type="string"/>
    </extension_attributes>
    <extension_attributes for="Magento\Catalog\Api\Data\ProductInterface">
        <attribute code="reviews" type="string"/>
    </extension_attributes>
    <extension_attributes for="Magento\Catalog\Api\Data\ProductInterface">
        <attribute code="order_process_time" type="\Aria\OrderProcessingTime\Api\Data\AvailableTimeResponseInterface"/>
    </extension_attributes>
    <extension_attributes for="Magento\Catalog\Api\Data\ProductInterface">
        <attribute code="uomname" type="string"/>
    </extension_attributes>
    <extension_attributes for="Magento\Catalog\Api\Data\ProductInterface">
        <attribute code="currency_code" type="string"/>
    </extension_attributes>
    <extension_attributes for="Magento\Catalog\Api\Data\ProductInterface">
        <attribute code="currency_symbol" type="string"/>
    </extension_attributes>
    <extension_attributes for="Magento\Catalog\Api\Data\ProductInterface">
        <attribute code="currency_list" type="string"/>
    </extension_attributes>
    <extension_attributes for="Magento\Catalog\Api\Data\ProductInterface">
        <attribute code="base_image" type="string"/>
    </extension_attributes>
    <extension_attributes for="Magento\Catalog\Api\Data\ProductInterface">
        <attribute code="small_image" type="string"/>
    </extension_attributes>
    <extension_attributes for="Magento\Catalog\Api\Data\ProductInterface">
        <attribute code="thumbnail_image" type="string"/>
    </extension_attributes>
    <extension_attributes for="Magento\Catalog\Api\Data\ProductInterface">
        <attribute code="swatch_image" type="string"/>
    </extension_attributes>
    <extension_attributes for="Magento\Catalog\Api\Data\ProductInterface">
        <attribute code="supplier_tier_price" type="string[]"/>
    </extension_attributes>
    <extension_attributes for="Magento\Catalog\Api\Data\ProductLinkInterface">
        <attribute code="name" type="string"/>
        <attribute code="brand" type="string"/>
        <attribute code="uom" type="string"/>
        <attribute code="min_order_qty" type="string"/>
        <attribute code="image" type="string"/>
        <attribute code="unit_cost" type="string"/>
        <attribute code="is_in_stock" type="boolean"/>
    </extension_attributes>
</config>