<?xml version="1.0" ?>
<!--
/**
 * Copyright © Magento, Inc. All rights reserved.
 * See COPYING.txt for license details.
 */
-->
<routes xmlns:xsi="http://www.w3.org/2001/XMLSchema-instance" xsi:noNamespaceSchemaLocation="urn:magento:module:Magento_Webapi:etc/webapi.xsd">
    <route method="GET" url="/V1/aria-productmanagement/getproducts/:sellerId">
        <service class="Aria\ProductManagement\Api\MultiSellerProductRepositoryInterface" method="getSellerProducts"/>
        <resources>
            <resource ref="Magento_Catalog::products" />
        </resources>
    </route>
    <route method="DELETE" url="/V1/aria-productmanagement/deleteproduct/:sellerId/:productId">
        <service class="Aria\ProductManagement\Api\MultiSellerProductRepositoryInterface" method="deleteProductById"/>
        <resources>
            <resource ref="Magento_Catalog::products_delete" />
        </resources>
    </route>
    <route method="GET" url="/V1/aria-productmanagement/getrelatedproduct/:sellerId">
        <service class="Aria\ProductManagement\Api\MultiSellerProductRepositoryInterface" method="getSellerRelatedProduct"/>
        <resources>
            <resource ref="Magento_Catalog::products" />
        </resources>
    </route>
    <route method="POST" url="/V1/aria/productmanagement/favorite/create">
		<service class="Aria\ProductManagement\Api\ProductFavoriteRepositoryInterface" method="save"/>
		<resources>
			<resource ref="Magento_Catalog::favorite_save"/>
		</resources>
	</route>
    <route method="GET" url="/V1/aria/productmanagement/favorite/:name/:venueUserId">
		<service class="Aria\ProductManagement\Api\ProductFavoriteRepositoryInterface" method="isFavoriteNameExists"/>
		<resources>
			<resource ref="Magento_Catalog::favorite_exists"/>
		</resources>
	</route>
    <route method="GET" url="/V1/aria/productmanagement/favorite/search">
		<service class="Aria\ProductManagement\Api\ProductFavoriteRepositoryInterface" method="getList"/>
		<resources>
			<resource ref="Magento_Catalog::favorite_view"/>
		</resources>
	</route>
    <route method="POST" url="/V1/aria/productmanagement/favoriteorder/create">
		<service class="Aria\ProductManagement\Api\ProductFavoriteRepositoryInterface" method="saveFavoriteOrder"/>
		<resources>
			<resource ref="Magento_Catalog::favoriteorder_save"/>
		</resources>
	</route>
    <route method="DELETE" url="/V1/aria/productmanagement/deletefavoriteorder/:id">
        <service class="Aria\ProductManagement\Api\ProductFavoriteRepositoryInterface" method="deleteById"/>
        <resources>
            <resource ref="Magento_Catalog::favoriteorder_delete" />
        </resources>
    </route>

     <route method="DELETE" url="/V1/aria/productmanagement/deletefavoritelistproduct/:favoriteId/:productId">
        <service class="Aria\ProductManagement\Api\ProductFavoriteItemRepositoryInterface" method="deleteFavoriteListItem"/>
        <resources>
            <resource ref="Magento_Catalog::favoriteItem_delete"/>
        </resources>
    </route>

     <route method="GET" url="/V1/aria/productmanagement/getfavoritelist/:productId/:venueUserId">
        <service class="Aria\ProductManagement\Api\ProductFavoriteRepositoryInterface" method="getFavoriteList"/>
        <resources>
            <resource ref="Magento_Catalog::favorite_view"/>
        </resources>
    </route>

    <route method="GET" url="/V1/aria/productmanagement/getfavoriteorder/:id">
        <service class="Aria\ProductManagement\Api\ProductFavoriteRepositoryInterface" method="getFavoriteOrder"/>
        <resources>
            <resource ref="Magento_Catalog::favorite_view" />
        </resources>
    </route>
    <route method="PUT" url="/V1/aria/productmanagement/favorite/updatefavoritename/:id/:favoriteName">
		<service class="Aria\ProductManagement\Api\ProductFavoriteRepositoryInterface" method="setFavoriteName"/>
		<resources>
			<resource ref="Magento_Catalog::favorite_update"/>
		</resources>
	</route>
    <route method="PUT" url="/V1/aria/productmanagement/favorite/updatefavorite/:id">
		<service class="Aria\ProductManagement\Api\ProductFavoriteRepositoryInterface" method="saveFavoriteOrder"/>
		<resources>
			<resource ref="Magento_Catalog::favoriteProduct_update"/>
		</resources>
	</route>
    <route method="POST" url="/V1/aria/productmanagement/venuecreditstatus/create">
		<service class="Aria\ProductManagement\Api\VenueCreditstatusRepositoryInterface" method="save"/>
		<resources>
			<resource ref="Magento_Catalog::venuecreditstatus_save"/>
		</resources>
	</route>
    <route method="GET" url="/V1/aria/productmanagement/venuecreditstatus/:dcId">
		<service class="Aria\ProductManagement\Api\VenueCreditstatusRepositoryInterface" method="getCreditStatusList"/>
		<resources>
			<resource ref="Magento_Catalog::venuecreditstatus_get"/>
		</resources>
	</route>
    <route method="GET" url="/V1/ariaproductmanagement/getsellers/:venueId">
        <service class="Aria\ProductManagement\Api\MultiSellerProductRepositoryInterface" method="getNearestDCSeller"/>
        <resources>
            <resource ref="Magento_Catalog::products" />
        </resources>
    </route>
     <route method="GET" url="/V1/aria/productmanagement/checkfavouriteproduct/:venueId/:venueUserId/:productId">
        <service class="Aria\ProductManagement\Api\ProductFavoriteRepositoryInterface" method="checkProductIsOnFavourite"/>
        <resources>
            <resource ref="self"/>
        </resources>
        <data>
            <parameter name="customerId" force="true">%customer_id%</parameter>
        </data>
    </route>
    <route method="GET" url="/V1/ariaproductmanagement/getsuppliers/:venueId">
        <service class="Aria\ProductManagement\Api\MultiSellerProductRepositoryInterface" method="getNearestSupplier"/>
        <resources>
            <resource ref="Magento_Catalog::products" />
        </resources>
    </route>
    <route url="/V1/ariaproductmanagement/search" method="GET">
        <service class="Aria\ProductManagement\Api\ProductgetRepositoryInterface" method="getLists"/>
        <resources>
            <resource ref="Magento_Catalog::products" />
        </resources>
    </route> 
</routes>
