<?xml version="1.0" ?>
<config xmlns:xsi="http://www.w3.org/2001/XMLSchema-instance" xsi:noNamespaceSchemaLocation="urn:magento:framework:Acl/etc/acl.xsd">
	<acl>
		<resources>
			<resource id="Magento_Backend::admin">
				<resource id="Aria_Venue::Venue" sortOrder="10" title="Venue">
					<resource id="Aria_Venue::Venue_save" sortOrder="10" title="Save Venue"/>
                    <resource id="Aria_Venue::Venue_view" sortOrder="40" title="View Venue"/>
                    <resource id="Aria_Venue::Venue_update" sortOrder="30" title="Update Venue"/>
					<resource id="Aria_Venue::Venue_setStatus" sortOrder="40" title="Update VenueStatus"/>
					<resource id="Aria_Venue::Venue_bulkDelete" sortOrder="20" title="Delete Venue"/>
                    <resource id="Aria_Venue::Venue_delete" sortOrder="20" title="Delete a Venue"/>
                    <resource id="Aria_Venue::VenueUserPermission_view" sortOrder="50" title="View Venue Permissions"/>
                    <resource id="Aria_Venue::VenueUserrole_view" sortOrder="60" title="View Venue User Roles"/>
				</resource>
			</resource>
		</resources>
	</acl>
</config>
