{
    "aria_venue": {
        "column": {
            "id": true,
            "name": true,
            "hosp_id": true,
            "venue_email": true,
            "description": true,
            "contact_name": true,
            "contact_person_phone": true,
            "address": true,
            "city": true,
            "state": true,
            "country": true,
            "zip_code": true,
            "phone": true,
            "latitude": true,
            "longitude": true,
            "created_by": true,
            "updated_by": true,
            "created_at": true,
            "updated_at": true,
            "is_active": true,
            "is_delete": true,
            "number_of_parked_orders": true
        },
        "constraint": {
            "PRIMARY": true,
            "ARIA_VENUE_NAME": true,
            "ARIA_VENUE_HOSP_ID_ARIA_HOSPITALITY_GROUP_HOSPITALITYGROUP_ID": true
        }
    },
    "aria_venue_role_mapping": {
        "column": {
            "id": true,
            "role_id": true,
            "permission_id": true,
            "created_by": true,
            "updated_by": true,
            "created_at": true,
            "updated_at": true,
            "is_active": true
        },
        "constraint": {
            "PRIMARY": true
        }
    },
    "aria_venue_user": {
        "column": {
            "id": true,
            "venue_user_id": true,
            "venue_id": true,
            "role_id": true,
            "first_name": true,
            "last_name": true,
            "venue_user_email": true,
            "phone": true,
            "created_by": true,
            "updated_by": true,
            "created_at": true,
            "updated_at": true,
            "is_active": true,
            "is_delete": true
        },
        "constraint": {
            "PRIMARY": true
        }
    },
    "aria_venue_user_permissions": {
        "column": {
            "id": true,
            "permission_name": true,
            "description": true,
            "created_by": true,
            "updated_by": true,
            "created_at": true,
            "updated_at": true,
            "is_active": true
        },
        "constraint": {
            "PRIMARY": true
        }
    },
    "aria_venue_user_role": {
        "column": {
            "id": true,
            "role_name": true,
            "description": true,
            "created_by": true,
            "updated_by": true,
            "created_at": true,
            "updated_at": true,
            "is_active": true
        },
        "constraint": {
            "PRIMARY": true,
            "ARIA_VENUE_USER_ROLE_ROLE_NAME": true
        }
    },
    "sales_order": {
        "column": {
            "Venueid": true
        },
        "constraint": {
            "SALES_ORDER_VENUEID_ARIA_VENUE_ID": true
        }
    }
}