<?xml version="1.0"?>
<schema xmlns:xsi="http://www.w3.org/2001/XMLSchema-instance" xsi:noNamespaceSchemaLocation="urn:magento:framework:Setup/Declaration/Schema/etc/schema.xsd">
   <table resource="default" name="aria_venue" engine="innodb" comment="aria_venue Table">
    <column  xsi:type="int" name="id" comment="Id" unsigned="true" padding="6" nullable="false"  identity="true"/>
    <constraint xsi:type="primary" referenceId="PRIMARY">
    <column name="id"/>
    </constraint>
    <column  xsi:type="varchar" name="name" nullable="false"   length="255" comment="Name"/>
    <column  xsi:type="int" name="hosp_id" unsigned="true" padding="11" nullable="false"  identity="false"  comment="Hosp_ ID"/>
    <column  xsi:type="varchar" name="venue_email"  length="255" comment="Venue Email"/>
    <column  xsi:type="varchar" name="description"  length="255" comment="Description"/>
    <column  xsi:type="varchar" name="contact_name"  nullable="false" length="255" comment=" Contact Name"/>  
    <column  xsi:type="varchar" name="contact_person_phone"  nullable="false" length="15" comment="Contact Person Phone"/>
    <column  xsi:type="varchar" name="address"  nullable="false" length="255" comment=" Address"/>  
    <column  xsi:type="varchar" name="city"  nullable="false" length="255" comment=" City"/>  
    <column  xsi:type="varchar" name="state"  nullable="false" length="255" comment=" State"/>  
    <column  xsi:type="varchar" name="country"  nullable="false" length="255" comment=" Country"/>  
    <column  xsi:type="varchar" name="zip_code"  nullable="false"  length="128" comment="Zip Code"/>
    <column  xsi:type="varchar" name="phone"  nullable="false" length="15" comment="Phone"/>
    <column  xsi:type="float" name="latitude"  nullable="false"  comment="Latitude"/>
    <column  xsi:type="float" name="longitude"  nullable="false"   comment="Longitude"/>
    <column xsi:type="varchar" default="NULL"  name="created_by" nullable="true"  length="50"/>
		<column xsi:type="varchar" default="NULL"  name="updated_by" nullable="true"  length="50"/>
		<column xsi:type="datetime" default="CURRENT_TIMESTAMP"  name="created_at" nullable="false"  on_update="false"/>
		<column xsi:type="datetime" default="CURRENT_TIMESTAMP" name="updated_at" nullable="true"   on_update="true"/>
		<column xsi:type="smallint"  identity="false" name="is_active" default="1" nullable="false" />
    <column xsi:type="smallint"  identity="false" name="is_delete" default="0" nullable="false"/>
    <column  xsi:type="int" name="number_of_parked_orders"  nullable="false"  identity="false"  comment="Number of Parked Orders"/>
    <column  xsi:type="int" name="order_cost_limit" default="0" nullable="false"  identity="false"  comment="Order Cost Limit"/>
    <constraint xsi:type="foreign" referenceId="aria_venue_hosp_id_aria_hospitality_group_hospitalitygroup_id"   referenceColumn="hospitalitygroup_id" referenceTable="aria_hospitality_group" column="hosp_id" table="aria_venue" onDelete="CASCADE"/>
    </table>
    <table name="aria_venue_role_mapping" resource="default" engine="innodb" comment="aria_venue_role_mapping Table">
    <column name="id" comment="Id" xsi:type="int" unsigned="true"  nullable="false" padding="11" identity="true"/>
    <constraint xsi:type="primary" referenceId="PRIMARY">
    <column name="id"/>
    </constraint>
    <column xsi:type="int" name="role_id" nullable="false"  identity="false" comment="role_id"/>
    <column xsi:type="int" name="permission_id" nullable="false" identity="false"  comment="permission_id"/>
    <column default="NULL"  name="created_by" nullable="true" xsi:type="varchar" length="50"/>
		<column default="NULL" name="updated_by" nullable="true" xsi:type="varchar" length="50"/>
		<column default="CURRENT_TIMESTAMP"  name="created_at" nullable="false" xsi:type="datetime" on_update="false"/>
		<column default="CURRENT_TIMESTAMP"  name="updated_at" nullable="true" xsi:type="datetime"  on_update="true"/>
		<column  identity="false" name="is_active" nullable="false" xsi:type="smallint"/>
    <column xsi:type="smallint"  identity="false" name="is_delete" default="0" nullable="false"/>
    </table>
    <table name="aria_venue_user" resource="default" engine="innodb" comment="aria_venue_user Table">
    <column name="id" comment="Id" xsi:type="int" unsigned="true" nullable="false" padding="11" identity="true"/>
    <constraint xsi:type="primary" referenceId="PRIMARY">
    <column name="id"/>
    </constraint>
    <column xsi:type="int" name="magento_user_id" nullable="false" unsigned="true" identity="false" comment="magento User Id"/>
    <column  xsi:type="varchar" name="first_name" nullable="false"   length="255" comment="FirstName"/>
    <column  xsi:type="varchar" name="last_name" nullable="false"   length="255" comment="LastName"/>
    <column  xsi:type="varchar" name="venue_user_email"  length="255" comment="Venue User Email"/>
    <column  xsi:type="varchar" name="phone"  nullable="false" length="15" comment="Phone"/>
     <column  xsi:type="varchar" name="gender"  nullable="false" length="15" comment="Gender"/>   
    <column default="NULL"  name="created_by" nullable="true" xsi:type="varchar" length="50"/>
		<column default="NULL"  name="updated_by" nullable="true" xsi:type="varchar" length="50"/>
		<column default="CURRENT_TIMESTAMP" name="created_at" nullable="false" xsi:type="datetime" on_update="false"/>
		<column default="CURRENT_TIMESTAMP"  name="updated_at" nullable="true" xsi:type="datetime"  on_update="true"/>
		<column  identity="false" name="is_active" nullable="false" xsi:type="smallint"/>
    <column xsi:type="smallint"  identity="false" name="is_delete" default="0" nullable="false"/> 
    <column  xsi:type="int" name="hg_id" comment="Id" unsigned="true" padding="11" nullable="true"/>
    <column  identity="false" name="is_admin" nullable="true" xsi:type="smallint"/>
    <constraint xsi:type="foreign" referenceId="aria_venue_user_magento_user_id_customer_entity_entity_id" referenceColumn="entity_id" referenceTable="customer_entity" column="magento_user_id" table="aria_venue_user" onDelete="CASCADE"/> 
    <constraint xsi:type="foreign" referenceId="aria_venue_user_hg_id_aria_hospitality_group_hospitalitygroup_id" referenceColumn="hospitalitygroup_id" referenceTable="aria_hospitality_group" column="hg_id" table="aria_venue_user" onDelete="CASCADE"/>
    </table>
    <table name="aria_venue_user_role_mapping" resource="default" engine="innodb" comment="aria user venue role mapping  Table">
    <column name="id" comment="Id" xsi:type="int" unsigned="true" nullable="false" padding="11" identity="true"/>
    <constraint xsi:type="primary" referenceId="PRIMARY">
    <column name="id"/>
    </constraint>
    <column xsi:type="int" name="venue_user_id" nullable="false" unsigned="true" identity="false" comment="Venue User Id"/>
    <column xsi:type="int" name="venue_id" nullable="false" unsigned="true" identity="false"  comment="Venue Id"/>
    <column xsi:type="int" name="role_id"  nullable="false" unsigned="true" identity="false"   comment="Venue Role Id"/>  
    <column default="NULL"  name="created_by" nullable="true" xsi:type="varchar" length="50"/>
		<column default="NULL"  name="updated_by" nullable="true" xsi:type="varchar" length="50"/>
		<column default="CURRENT_TIMESTAMP" name="created_at" nullable="false" xsi:type="datetime" on_update="false"/>
		<column default="CURRENT_TIMESTAMP"  name="updated_at" nullable="true" xsi:type="datetime"  on_update="true"/>
		<column  identity="false" name="is_active" nullable="false" xsi:type="smallint"/> 
    <column xsi:type="smallint"  identity="false" name="is_delete" default="0" nullable="false"/>
    <constraint xsi:type="foreign" referenceId="aria_venue_user_role_mapping_venue_user_id_aria_venue_user_id" referenceColumn="id" referenceTable="aria_venue_user" column="venue_user_id" table="aria_venue_user_role_mapping" onDelete="CASCADE"/>
   <constraint xsi:type="foreign" referenceId="aria_venue_user_role_mapping_venue_id_aria_venue_id" referenceColumn="id" referenceTable="aria_venue" column="venue_id" table="aria_venue_user_role_mapping" onDelete="CASCADE"/>
   <constraint xsi:type="foreign" referenceId="aria_venue_user_role_mapping_role_id_aria_venue_user_role_id" referenceColumn="id" referenceTable="aria_venue_user_role" column="role_id" table="aria_venue_user_role_mapping" onDelete="CASCADE"/>
  </table>
  <table name="aria_venue_user_permissions" resource="default" engine="innodb" comment="aria_venue_user_permissions Table">
    <column name="id" comment="Id" xsi:type="int" unsigned="true"  nullable="false" padding="11" identity="false"/>
    <column xsi:type="varchar" name="permission_name" nullable="false" length="255"  comment="permission_name"/>
    <column xsi:type="varchar" name="description" nullable="false" length="255"   comment="description"/>
    <column name="parent_id" comment="Parent Id" xsi:type="int" identity="false"  nullable="false" padding="11"/>
    <column default="NULL"  name="created_by" nullable="true" xsi:type="varchar" length="50"/>
		<column default="NULL" name="updated_by" nullable="true" xsi:type="varchar" length="50"/>
		<column default="CURRENT_TIMESTAMP" name="created_at" nullable="false" xsi:type="datetime" on_update="false"/>
		<column default="CURRENT_TIMESTAMP"  name="updated_at" nullable="true" xsi:type="datetime"  on_update="true"/>
		<column  identity="false" name="is_active" nullable="false" xsi:type="smallint"/>
    <column xsi:type="smallint"  identity="false" name="is_delete" default="0" nullable="false"/>
  </table>

  <table name="aria_venue_role_permission_mapping" resource="default" engine="innodb" comment="Aria Venue Userrole Permission Mapping Table">
		<column name="id" comment="Id" xsi:type="int" unsigned="true"  nullable="false" padding="11" identity="true"/>
    <column xsi:type="int" name="role_id" nullable="false"  padding="6" unsigned="true" comment="Userrole Id"/>
    <column xsi:type="int" name="permission_id" unsigned="true"  nullable="false" padding="11"  comment="Permisson Id"/>
    <column xsi:type="varchar" default="NULL"  name="created_by" nullable="true"  length="50"/>
		<column xsi:type="varchar" default="NULL" name="updated_by" nullable="true"  length="50"/>
		<column xsi:type="datetime" default="CURRENT_TIMESTAMP"  name="created_at" nullable="false"  on_update="false"/>
		<column xsi:type="datetime" default="CURRENT_TIMESTAMP" name="updated_at" nullable="true"   on_update="true"/>
		<column xsi:type="smallint"  identity="false" name="is_active" nullable="false" />
		<column xsi:type="smallint"  identity="false" name="is_granted" nullable="false" />
    <constraint xsi:type="primary" referenceId="PRIMARY">
      <column name="id"/>
    </constraint>
		<constraint xsi:type="foreign" referenceId="ARIA_ROLE_PERMISSION_ROLE_ID_ARIA_USER_ROLE_ID" table="aria_venue_role_permission_mapping" column="role_id" referenceTable="aria_venue_user_role" referenceColumn="id" onDelete="CASCADE" />
  </table>

  <table name="aria_venue_user_role" resource="default" engine="innodb" comment="aria_venue_user_role Table">
    <column name="id" comment="Id" xsi:type="int" unsigned="true"  nullable="false" padding="11" identity="true"/>
    <constraint xsi:type="primary" referenceId="PRIMARY">
      <column name="id"/>
    </constraint>
    <column xsi:type="int" name="venue_user_id" nullable="false" unsigned="true" identity="false" comment="Venue User Id"/>
    <column xsi:type="int" name="hg_admin_id" nullable="false" unsigned="true" identity="false" comment="HG admin Id"/>
    <column xsi:type="varchar" name="role_name" nullable="false" length="255"  comment="role_name"/>
    <column xsi:type="varchar" name="description" nullable="false" length="255"  comment="description"/>
    <column default="NULL" name="created_by" nullable="true" xsi:type="varchar" length="50"/>
    <column default="NULL"  name="updated_by" nullable="true" xsi:type="varchar" length="50"/>
    <column default="CURRENT_TIMESTAMP" name="created_at" nullable="false" xsi:type="datetime" on_update="false"/>
    <column default="CURRENT_TIMESTAMP"  name="updated_at" nullable="true" xsi:type="datetime"  on_update="true"/>
    <column  identity="false" name="is_active" nullable="false" xsi:type="smallint"/>
    <column xsi:type="smallint"  identity="false" name="is_delete" default="0" nullable="false"/>
    <constraint xsi:type="foreign" referenceId="ROLE_USER_ID_HG_ADMIN_USER_ID" table="aria_venue_user_role" column="hg_admin_id" referenceTable="aria_hospitality_group" referenceColumn="hospitalitygroup_id" onDelete="CASCADE"  />
  </table>
  <table name="sales_order" resource="sales" engine="innodb" comment="Sales Flat Order">
		<column name="Venueid" nullable="true" padding="6" unsigned="true" xsi:type="int" />
		<constraint xsi:type="foreign" referenceId="SALES_ORDER_VENUEID_ARIA_VENUE_ID" table="sales_order" column="Venueid" referenceTable="aria_venue" referenceColumn="id" onDelete="CASCADE"  />

	</table>
</schema>
