<?xml version="1.0" ?>
<config xmlns:xsi="http://www.w3.org/2001/XMLSchema-instance" xsi:noNamespaceSchemaLocation="urn:magento:framework:ObjectManager/etc/config.xsd">
	<preference for="Aria\Venue\Api\VenueRepositoryInterface" type="Aria\Venue\Model\VenueRepository"/>
	<preference for="Aria\Venue\Api\Data\VenueInterface" type="Aria\Venue\Model\Data\Venue"/>
	<preference for="Aria\Venue\Api\Data\VenueSearchResultsInterface" type="Magento\Framework\Api\SearchResults"/>
	<preference for="Aria\Venue\Api\VenueUserRepositoryInterface" type="Aria\Venue\Model\VenueUserRepository"/>
	<preference for="Aria\Venue\Api\Data\VenueUserInterface" type="Aria\Venue\Model\Data\VenueUser"/>
	<preference for="Aria\Venue\Api\Data\VenueUserSearchResultsInterface" type="Magento\Framework\Api\SearchResults"/>
	<preference for="Aria\Venue\Api\VenueUserRoleRepositoryInterface" type="Aria\Venue\Model\VenueUserRoleRepository"/>
	<preference for="Aria\Venue\Api\Data\VenueUserRoleInterface" type="Aria\Venue\Model\Data\VenueUserRole"/>
	<preference for="Aria\Venue\Api\Data\VenueUserRoleSearchResultsInterface" type="Magento\Framework\Api\SearchResults"/>
	<preference for="Aria\Venue\Api\VenueUserRoleMappingRepositoryInterface" type="Aria\Venue\Model\VenueUserRoleMappingRepository"/>
	<preference for="Aria\Venue\Api\Data\VenueUserRoleMappingInterface" type="Aria\Venue\Model\Data\VenueUserRoleMapping"/>
	<preference for="Aria\Venue\Api\Data\VenueUserRoleMappingSearchResultsInterface" type="Magento\Framework\Api\SearchResults"/>
	<preference for="Aria\Venue\Api\VenueUserPermissionRepositoryInterface" type="Aria\Venue\Model\VenueUserPermissionRepository"/>
	<preference for="Aria\Venue\Api\Data\VenueUserPermissionInterface" type="Aria\Venue\Model\Data\VenueUserPermission"/>
	<preference for="Aria\Venue\Api\Data\VenueUserPermissionSearchResultsInterface" type="Magento\Framework\Api\SearchResults"/>
	<preference for="Aria\Venue\Api\VenueRolePermissionMappingRepositoryInterface" type="Aria\Venue\Model\VenueRolePermissionMappingRepository"/>
	<preference for="Aria\Venue\Api\Data\VenueRolePermissionMappingInterface" type="Aria\Venue\Model\Data\VenueRolePermissionMapping"/>
	<preference for="Aria\Venue\Api\Data\VenueRolePermissionMappingSearchResultsInterface" type="Magento\Framework\Api\SearchResults"/>
	<preference for="Aria\Venue\Api\VenueUserEditProfileRepositoryInterface" type="Aria\Venue\Model\VenueUserEditProfileRepository"/>
	<preference for="Aria\Venue\Api\Data\VenueUserEditProfileInterface" type="Aria\Venue\Model\Data\VenueUserEditProfile"/>

	<preference for="Aria\Venue\Api\ReferAriaRepositoryInterface" type="Aria\Venue\Model\ReferAriaRepository"/>
	<preference for="Aria\Venue\Api\Data\ReferAriaInterface" type="Aria\Venue\Model\Data\ReferAria"/>
	
</config>
