<?xml version="1.0" ?>
<routes xmlns:xsi="http://www.w3.org/2001/XMLSchema-instance" xsi:noNamespaceSchemaLocation="urn:magento:module:Magento_Webapi:etc/webapi.xsd">
	<route method="POST" url="/V1/aria/venue/create">
		<service class="Aria\Venue\Api\VenueRepositoryInterface" method="save"/>
		<resources>
			<resource ref="Aria_Venue::Venue_save"/>
		</resources>
	</route>
    <route method="GET" url="/V1/aria/venue/search">
		<service class="Aria\Venue\Api\VenueRepositoryInterface" method="getList"/>
		<resources>
			<resource ref="Aria_Venue::Venue_view"/>
		</resources>
	</route>
	<route method="GET" url="/V1/aria/venue/get/:Id">
		<service class="Aria\Venue\Api\VenueRepositoryInterface" method="get"/>
		<resources>
			<resource ref="Aria_Venue::Venue_view"/>
		</resources>
	</route>
    	<route method="PUT" url="/V1/aria/venue/update/:Id">
		<service class="Aria\Venue\Api\VenueRepositoryInterface" method="save"/>
		<resources>
			<resource ref="Aria_Venue::Venue_update"/>
		</resources>
	</route>
	<route method="PUT" url="/V1/aria/venue/updatestatus/:Id/:isActive">
		<service class="Aria\Venue\Api\VenueRepositoryInterface" method="setStatus"/>
		<resources>
			<resource ref="Aria_Venue::Venue_setStatus"/>
		</resources>
	</route>
	<route method="POST" url="/V1/aria/venue/delete">
		<service class="Aria\Venue\Api\VenueRepositoryInterface" method="deleteByIds"/>
		<resources>
			<resource ref="Aria_Venue::Venue_bulkDelete"/>
		</resources>
	</route>
  	<route method="GET" url="/V1/aria/venuenameexists/get/:name/:hgid">
		<service class="Aria\Venue\Api\VenueRepositoryInterface" method="isVenueNameExists"/>
		<resources>
			<resource ref="Aria_Venue::Venue_view"/>
		</resources>
	</route>
	<route method="POST" url="/V1/aria/venue/userrole/create">
	<service class="Aria\Venue\Api\VenueUserRoleRepositoryInterface" method="save"/>
		<resources>
			<resource ref="Aria_VenueUserRole::VenueUserRole_save"/>
		</resources>
	</route>

    <route method="PUT" url="/V1/aria/venue/userrole/update/:Id">
		<service class="Aria\Venue\Api\VenueUserRoleRepositoryInterface" method="save"/>
		<resources>
			<resource ref="Aria_VenueUserRole::VenueUserRole_update"/>
		</resources>
	</route>
	<route method="GET" url="/V1/aria/venueuserrole/get/:roleName/:hgid">
		<service class="Aria\Venue\Api\VenueUserRoleRepositoryInterface" method="isRoleNameExists"/>
		<resources>
			<resource ref="Aria_VenueUserRole::VenueUserRole_view"/>
		</resources>
	</route>
	<route method="GET" url="/V1/aria/venueuserrole/search">
		<service class="Aria\Venue\Api\VenueUserRoleRepositoryInterface" method="getList"/>
		<resources>
			<resource ref="Aria_VenueUserRole::VenueUserRole_view"/>
		</resources>
	</route>
	
	<route method="GET" url="/V1/aria/venueuser/phonenumberexists/get/:phone">
		<service class="Aria\Venue\Api\VenueUserRepositoryInterface" method="isPhoneNumberExists"/>
		<resources>
			<resource ref="Aria_VenueUser::VenueUser_view"/>
		</resources>
	</route>
	<route method="POST" url="/V1/aria/venueuser/create">
		<service class="Aria\Venue\Api\VenueUserRepositoryInterface" method="save"/>
		<resources>
			<resource ref="Aria_Venue::Venue_save"/>
		</resources>
	</route>
	<route method="PUT" url="/V1/aria/venueusereditprofile/update/:Id">
		 <service class="Aria\Venue\Api\VenueUserEditProfileRepositoryInterface" method="save"/>
		 <resources>
			 <resource ref="Aria_VenueUser::VenueUser_update"/>
		 </resources>
	</route>
	<route method="GET" url="/V1/aria/venueuser/venueexists" >
        <service class="Aria\Venue\Api\VenueUserRepositoryInterface" method="isActiveVenueExists"/>
        <resources>
            <resource ref="Aria_VenueUser::VenueUser_get" />
        </resources>
    </route>
    <route method="GET" url="/V1/aria/venueuser/search">
		<service class="Aria\Venue\Api\VenueUserRepositoryInterface" method="getList"/>
		<resources>
			<resource ref="Aria_VenueUser::VenueUser_view"/>
		</resources>
	</route>
	
	<route method="GET" url="/V1/aria/venueuser/get/:id">
		<service class="Aria\Venue\Api\VenueUserRepositoryInterface" method="getById"/>
		<resources>
			<resource ref="Aria_VenueUser::VenueUser_view"/>
		</resources>
	</route>

	<route method="PUT" url="/V1/aria/venueuser/update/:Id">
		 <service class="Aria\Venue\Api\VenueUserRepositoryInterface" method="save"/>
		 <resources>
			 <resource ref="Aria_VenueUser::VenueUser_update"/>
		 </resources>
	</route>
	<route method="PUT" url="/V1/aria/venueuser/updatestatus/:Id/:isActive">
		<service class="Aria\Venue\Api\VenueUserRepositoryInterface" method="setStatus"/>
		<resources>
			<resource ref="Aria_VenueUser::VenueUser_setStatus"/>
		</resources>
	</route>
	<route method="PUT" url="/V1/aria/venueuser/delete/:Id">
		<service class="Aria\Venue\Api\VenueUserRepositoryInterface" method="deleteVenueUser"/>
		<resources>
			<resource ref="Aria_VenueUser::VenueUser_delete"/>
		</resources>
	</route>
	<route method="POST" url="/V1/aria/venueuser/bulkdelete">
		<service class="Aria\Venue\Api\VenueUserRepositoryInterface" method="deleteMultipleVenueUsers"/>
		<resources>
			<resource ref="Aria_Venue::Venue_delete"/>
		</resources>
	</route>
	<route method="GET" url="/V1/aria/venueuser/userpermissions/search">
		<service class="Aria\Venue\Api\VenueUserPermissionRepositoryInterface" method="getList"/>
		<resources>
			<resource ref="Aria_Venue::VenueUserPermission_view"/>
		</resources>
	</route>

	<route method="GET" url="/V1/aria/venue/getVenueUserrole/:id">
		<service class="Aria\Venue\Api\VenueUserRoleRepositoryInterface" method="getById"/>
		<resources>
			<resource ref="Aria_Venue::VenueUserrole_view"/>
		</resources>
	</route>
	<route method="PUT" url="/V1/aria/venueuserrole/delete/:Id">
		<service class="Aria\Venue\Api\VenueUserRoleRepositoryInterface" method="deleteVenueUserRole"/>
		<resources>
			<resource ref="Aria_VenueUserRole::VenueUserRole_delete"/>
		</resources>
	</route>
	<route method="GET" url="/V1/aria/venueuserrole/getvenues/:Id">
		<service class="Aria\Venue\Api\VenueUserRoleMappingRepositoryInterface" method="getVenues"/>
		<resources>
			<resource ref="Aria_VenueUserRole::VenueUserRole_delete"/>
		</resources>
	</route>
	<route method="POST" url="/V1/aria/venue/referaria">
		<service class="Aria\Venue\Api\ReferAriaRepositoryInterface" method="referAria"/>
		<resources>
			<resource ref="Aria_Venue::refer_aria"/>
		</resources>
	</route>
	<route method="GET" url="/V1/aria/venueuserrolemapping/search">
		<service class="Aria\Venue\Api\VenueUserRoleMappingRepositoryInterface" method="getList"/>
		<resources>
			<resource ref="Aria_VenueUserRole::VenueUserRole_view"/>
		</resources>
	</route>
	<route method="GET" url="/V1/aria/venue/getPermission/:venueUserId/:venueId/:permission">
		<service class="Aria\Venue\Api\VenueUserRoleMappingRepositoryInterface" method="isPermissionAppproved"/>
		<resources>
			<resource ref="Aria_VenueUserRole::VenueUserRole_view"/>
		</resources>
	</route>
	<route method="PUT" url="/V1/aria/venueuser/userpermissions/update/:Id">
		<service class="Aria\Venue\Api\VenueUserPermissionRepositoryInterface" method="save"/>
		<resources>
			<resource ref="Aria_Venue::Venue_update"/>
		</resources>
	</route>
</routes>
