<?xml version="1.0"?>
<!--
/**
 * Copyright © Magento, Inc. All rights reserved.
 * See COPYING.txt for license details.
 */
-->
<config xmlns:xsi="http://www.w3.org/2001/XMLSchema-instance" xsi:noNamespaceSchemaLocation="urn:magento:framework:Api/etc/extension_attributes.xsd">
   <extension_attributes for="Magento\Quote\Api\Data\CartItemInterface">
      <attribute code="productCategoryName" type="string[]"/>
      <attribute code="supplierId" type="string"/>
      <attribute code="supplierName" type="string"/>
      <attribute code="stockUpdatedDate" type="string"/>
      <attribute code="totalCost" type="float"/>
      <attribute code="isInStock" type="boolean"/>
      <attribute code="productStatus" type="int"/>
      <attribute code="product_name" type="string"/>
      <attribute code="size" type="string"/>
      <attribute code="color" type="string"/>
      <attribute code="product_id" type="string"/>
      <attribute code="quantity" type="int"/>
      <attribute code="product_image" type="string[]"/>
      <attribute code="out_of_stock_tag" type="int"/>
      <attribute code="product_media" type="string[]"/>
   </extension_attributes>
</config>


