<?xml version="1.0" ?>
<routes xmlns:xsi="http://www.w3.org/2001/XMLSchema-instance" xsi:noNamespaceSchemaLocation="urn:magento:module:Magento_Webapi:etc/webapi.xsd">
    <route url="/V1/cart/multicart" method="POST">
        <service class="Bazar\CartManagement\Api\MultiCartRepositoryInterface" method="multicart"/>
         <resources>
            <resource ref="self" />
        </resources>
    </route>
    <route url="/V1/clear-cart" method="POST">
        <service class="Bazar\CartManagement\Api\ClearCartInterface" method="clearCart"/>
          <resources>
            <resource ref="self" />
        </resources>
    </route>
</routes>