<?xml version="1.0"?>
<config xmlns:xsi="http://www.w3.org/2001/XMLSchema-instance" xsi:noNamespaceSchemaLocation="urn:magento:module:Magento_Config:etc/system_file.xsd">
    <system>
        <tab id="aria" translate="label" sortOrder="10">
            <label>Aria</label>
        </tab>
        <section id="ordermanagement" translate="label" sortOrder="130" showInDefault="1" showInWebsite="1" showInStore="1">
            <class>separator-top</class>
            <label>Order Management</label>
            <tab>aria</tab>
            <resource>Aria_OrderManagement::ordermanagement_config</resource>
            <group id="general" translate="label" type="text" sortOrder="10" showInDefault="1" showInWebsite="0" showInStore="0">
                <label>Order Configuration</label>
                <field id="display_text" translate="label" type="text" sortOrder="1" showInDefault="1" showInWebsite="0" showInStore="0">
                    <label>Order Cancellation Cut-Off Time (in hours)</label>
                 <validate>validate-digits</validate>
                </field>  
            </group>
            <group id="general1" translate="label" type="text" sortOrder="10" showInDefault="1" showInWebsite="0" showInStore="0">
                <label>SMS Configuration</label>
                <field id="display_text1" translate="label" type="text" sortOrder="1" showInDefault="1" showInWebsite="0" showInStore="0">
                    <label>SMS Url</label>
                </field>
                <field id="display_text2" translate="label" type="text" sortOrder="1" showInDefault="1" showInWebsite="0" showInStore="0">
                    <label>SMS x-api-key</label>
                </field>
                <field id="display_text3" translate="label" type="text" sortOrder="1" showInDefault="1" showInWebsite="0" showInStore="0">
                    <label>SMS x-client-id</label>
                </field>
            </group>
        </section>
    </system>
</config>