<?xml version="1.0"?>
<!--
/**
 * Copyright © Magento, Inc. All rights reserved.
 * See COPYING.txt for license details.
 */
-->
<schema xmlns:xsi="http://www.w3.org/2001/XMLSchema-instance"
        xsi:noNamespaceSchemaLocation="urn:magento:framework:Setup/Declaration/Schema/etc/schema.xsd">
    <table name="bazar_supplier_product" resource="default" engine="innodb" comment="Supplier Product Entity">
        <column xsi:type="int" name="id" unsigned="true" nullable="false" identity="true" comment="Supplierproduct ID"/>
        <constraint xsi:type="primary" referenceId="PRIMARY">
            <column name="id"/>
        </constraint>
        <column xsi:type="int" name="supplier_id" unsigned="true" nullable="false" comment="Supplier ID"/>
        <column xsi:type="int" name="product_id" unsigned="true" nullable="false" comment="Product ID"/>
        <column xsi:type="smallint"  identity="false" name="is_active" default="1" nullable="false" />
        <column xsi:type="smallint"  identity="false" name="is_delete" default="0" nullable="false"/>
        <constraint xsi:type="foreign" referenceId="BAZAR_SUPPLIER_BAZAR_SUPPLIER_ID" referenceColumn="id" referenceTable="bazar_supplier" column="supplier_id" table="bazar_supplier_product" onDelete="CASCADE"/>
        <constraint xsi:type="foreign" referenceId="BAZAR_SUPPLIER_BAZAR_PRODUCT_ID" referenceColumn="entity_id" referenceTable="catalog_product_entity" column="product_id" table="bazar_supplier_product" onDelete="CASCADE"/>

    </table>
</schema>