<?xml version="1.0"?>
<!--
/**
 * Copyright © Magento, Inc. All rights reserved.
 * See COPYING.txt for license details.
 */
-->
<config xmlns:xsi="http://www.w3.org/2001/XMLSchema-instance" xsi:noNamespaceSchemaLocation="urn:magento:framework:ObjectManager/etc/config.xsd">
    <preference for="Bazar\ProductManagement\Api\SupplierProductRepositoryInterface" type="Bazar\ProductManagement\Model\SupplierProductRespository" />
    <preference for="Bazar\ProductManagement\Api\Data\SupplierProductInterface" type="Bazar\ProductManagement\Model\Data\SupplierProduct" />
    <preference for="Bazar\ProductManagement\Api\Data\SupplierProductSearchResultsInterface" type="Magento\Framework\Api\SearchResults"/>
    <preference for="Bazar\ProductManagement\Api\Data\ProductCountInterface" type="Bazar\ProductManagement\Model\Data\ProductCount"/>
    <preference for="Bazar\ProductManagement\Api\ProductCustomRepositoryInterface" type="Bazar\ProductManagement\Model\ProductCustomRepository" />
    <preference for="Bazar\ProductManagement\Api\ProductCustomArchiveRepositoryInterface" type="Bazar\ProductManagement\Model\ProductCustomArchiveRepository" />
    <preference for="Bazar\ProductManagement\Api\ProductCustomAttributeRepositoryInterface" type="Bazar\ProductManagement\Model\ProductCustomAttributeRepository" />

    <type name="Magento\Catalog\Api\ProductRepositoryInterface">
        <plugin name="import_product_save_after" type="Bazar\ProductManagement\Plugin\ProductSaveAfter" sortOrder="20"/>
    </type>
    <type name="Magento\Catalog\Api\ProductRepositoryInterface">
        <plugin name="get_product_metrics" type="Bazar\ProductManagement\Plugin\ProductGet"/>
    </type>
    <type name="Magento\Catalog\Api\ProductRepositoryInterface">
        <plugin name="import_product" type="Bazar\ProductManagement\Plugin\ProductSaveBefore" />
    </type>
    <type name="Magento\ConfigurableProduct\Api\LinkManagementInterface">
        <plugin name="get_product_child" type="Bazar\ProductManagement\Plugin\ConfigChildGet"/>
    </type>
</config>
