<?xml version="1.0"?>
<!--
/**
 * Copyright © Magento, Inc. All rights reserved.
 * See COPYING.txt for license details.
 */
-->

<config xmlns:xsi="http://www.w3.org/2001/XMLSchema-instance" xsi:noNamespaceSchemaLocation="urn:magento:framework:Api/etc/extension_attributes.xsd">

    <extension_attributes for="Magento\Catalog\Api\Data\ProductInterface">
        <attribute code="productcatagory_name" type="string"/>
    </extension_attributes>
    <extension_attributes for="Magento\Catalog\Api\Data\ProductInterface">
        <attribute code="product_subcatagoryname" type="string[]"/>
    </extension_attributes>
    <extension_attributes for="Magento\Catalog\Api\Data\ProductInterface">
        <attribute code="color" type="string"/>
    </extension_attributes>
    <extension_attributes for="Magento\Catalog\Api\Data\ProductInterface">
        <attribute code="size" type="string"/>
    </extension_attributes>
    <extension_attributes for="Magento\Catalog\Api\Data\ProductInterface">
        <attribute code="supplier_name" type="string"/>
    </extension_attributes>
    <extension_attributes for="Magento\Catalog\Api\Data\ProductInterface">
        <attribute code="child_sku" type="string[]"/>
    </extension_attributes>
    <extension_attributes for="Magento\Catalog\Api\Data\ProductInterface">
        <attribute code="stock_status" type="int">
         <join reference_table="cataloginventory_stock_status" reference_field="product_id" join_on_field="entity_id">
            <field>stock_status</field>
        </join>
        </attribute>
    </extension_attributes>
     <extension_attributes for="Magento\Catalog\Api\Data\ProductInterface">
        <attribute code="is_archived_product" type="int">
         <join reference_table="bazar_supplier_product" reference_field="product_id" join_on_field="entity_id">
            <field>is_delete</field>
        </join>
        </attribute>
    </extension_attributes>
    <extension_attributes for="Magento\Catalog\Api\Data\ProductInterface">
        <attribute code="active_count" type="int"/>
    </extension_attributes>
    <extension_attributes for="Magento\Catalog\Api\Data\ProductInterface">
        <attribute code="draft_count" type="int"/>
    </extension_attributes>
    <extension_attributes for="Magento\Catalog\Api\Data\ProductInterface">
        <attribute code="archive_count" type="int"/>
    </extension_attributes>
    <extension_attributes for="Magento\Catalog\Api\Data\ProductInterface">
        <attribute code="product_status" type="string"/>
    </extension_attributes><extension_attributes for="Magento\Catalog\Api\Data\ProductInterface">
        <attribute code="quantity" type="int"/>
    </extension_attributes><extension_attributes for="Magento\Catalog\Api\Data\ProductInterface">
        <attribute code="archive_count" type="int"/>
    </extension_attributes>
    <extension_attributes for="Magento\Catalog\Api\Data\ProductInterface">
        <attribute code="payout" type="int"/>
    </extension_attributes>
    <extension_attributes for="Magento\Catalog\Api\Data\ProductInterface">
        <attribute code="product_url" type="string[]"/>
    </extension_attributes>
    <extension_attributes for="Magento\Catalog\Api\Data\ProductAttributeInterface">
        <attribute code="attribute_flag" type="int"/>
    </extension_attributes>
    <extension_attributes for="Magento\Catalog\Api\Data\ProductInterface">
        <attribute code="product_media" type="string[]"/>
    </extension_attributes>
    <extension_attributes for="Magento\Catalog\Api\Data\ProductInterface">
        <attribute code="catagory_link" type="string[]"/>
    </extension_attributes>
</config>

