<?xml version="1.0" ?>
<!--
/**
 * Copyright © Magento, Inc. All rights reserved.
 * See COPYING.txt for license details.
 */
-->
<routes xmlns:xsi="http://www.w3.org/2001/XMLSchema-instance" xsi:noNamespaceSchemaLocation="urn:magento:module:Magento_Webapi:etc/webapi.xsd">

    <route method="DELETE" url="/V1/productmanagement/deleteproduct/:supplierId/:productId">
        <service class="Bazar\ProductManagement\Api\SupplierProductRepositoryInterface" method="deleteProductById"/>
        <resources>
            <resource ref="anonymous" />
        </resources>
    </route>
    <route method="GET" url="/V1/productmanagement/product/search">
		<service class="Bazar\ProductManagement\Api\SupplierProductRepositoryInterface" method="getList"/>
		<resources>
            <resource ref="anonymous" />
        </resources>
	</route>
	<route method="GET" url="/V1/productmanagement/product/get/:Id">
		<service class="Bazar\ProductManagement\Api\SupplierProductRepositoryInterface" method="get"/>
		<resources>
            <resource ref="anonymous" />
        </resources>
	</route>
    <route method="PUT" url="/V1/productmanagement/updateproduct/:supplierId/:productId">
        <service class="Bazar\ProductManagement\Api\SupplierProductRepositoryInterface" method="updateProductById"/>
        <resources>
            <resource ref="anonymous" />
        </resources>
    </route>
    <route method="GET" url="/V1/productmanagement/productCount">
        <service class="Bazar\ProductManagement\Api\SupplierProductRepositoryInterface" method="getProductCount"/>
        <resources>
            <resource ref="anonymous" />
        </resources>
    </route>
    <route url="/V1/productmanagement/search/outofstock" method="GET">
        <service class="Bazar\ProductManagement\Api\ProductCustomRepositoryInterface" method="getLists"/>
        <resources>
            <resource ref="Magento_Catalog::products" />
        </resources>
    </route>
    <route url="/V1/productmanagement/search/archive" method="GET">
        <service class="Bazar\ProductManagement\Api\ProductCustomArchiveRepositoryInterface" method="getLists"/>
        <resources>
            <resource ref="Magento_Catalog::products" />
        </resources>
    </route>
	<route method="POST" url="/V1/productmanagement/deleteproduct">
		<service class="Bazar\ProductManagement\Api\SupplierProductRepositoryInterface" method="deleteProductByIds"/>
		<resources>
            <resource ref="anonymous" />
        </resources>
	</route>
    	<route method="PUT" url="/V1/productmanagement/archiveproduct">
		<service class="Bazar\ProductManagement\Api\SupplierProductRepositoryInterface" method="archiveProductByIds"/>
		<resources>
            <resource ref="anonymous" />
        </resources>
	</route>
    	<route method="PUT" url="/V1/productmanagement/activeproduct">
		<service class="Bazar\ProductManagement\Api\SupplierProductRepositoryInterface" method="activeProductByIds"/>
		<resources>
            <resource ref="anonymous" />
        </resources>
	</route>
    <route method="PUT" url="/V1/productmanagement/draftproduct">
		<service class="Bazar\ProductManagement\Api\SupplierProductRepositoryInterface" method="draftProductByIds"/>
		<resources>
            <resource ref="anonymous" />
        </resources>
	</route>
    <route url="/V1/productmanagement/search/variant" method="GET">
        <service class="Bazar\ProductManagement\Api\ProductCustomAttributeRepositoryInterface" method="getLists"/>
         <resources>
            <resource ref="Magento_Catalog::attributes_attributes" />
        </resources>
    </route>
</routes>
