<?xml version="1.0" ?>
<config xmlns:xsi="http://www.w3.org/2001/XMLSchema-instance" xsi:noNamespaceSchemaLocation="urn:magento:framework:Acl/etc/acl.xsd">
	<acl>
		<resources>
			<resource id="Magento_Backend::admin">
				<resource id="Aria_ReviewRatings::ReviewRatings" sortOrder="10" title="ReviewRatings">
					<resource id="Aria_ReviewRatings::ReviewRatings_save" sortOrder="10" title="Save ReviewRatings"/>
                    <resource id="Aria_ReviewRatings::ReviewRatings_view" sortOrder="40" title="View ReviewRatings"/>
                    <resource id="Aria_ReviewRatings::ReviewRatings_update" sortOrder="30" title="Update ReviewRatings"/>
                    <resource id="Aria_ReviewRatings::ReviewRatings_delete" sortOrder="20" title="Delete a ReviewRatings"/>                  
				</resource>
			</resource>
		</resources>
	</acl>
</config>
