<?xml version="1.0"?>
<schema xmlns:xsi="http://www.w3.org/2001/XMLSchema-instance" xsi:noNamespaceSchemaLocation="urn:magento:framework:Setup/Declaration/Schema/etc/schema.xsd">
    <table name="supplier_reviews" resource="default" engine="innodb" comment="supplier_reviews Table">
        <column name="id" comment="Id" xsi:type="int" unsigned="true"  nullable="false" padding="11" identity="true"/>
        <constraint xsi:type="primary" referenceId="PRIMARY">
        <column name="id"/>
        </constraint>
        <column xsi:type="int" name="venue_user_id" nullable="false" unsigned="true" identity="false" comment="venue_user_id"/>
        <column xsi:type="int" name="venue_id" nullable="false"  identity="false" comment="venue_id"/>
        <column xsi:type="varchar" name="venue_user_name" nullable="false"  length="255" comment="venue_user_name"/>
        <column  xsi:type="int" name="supplier_id" comment="supplier_id" unsigned="true" padding="6" nullable="false"/>
        <column  xsi:type="varchar" name="title"  length="255" comment="Review Title"/>
        <column  xsi:type="text" name="review"  comment="review"/>
    	<column name="created_at" nullable="true" default="CURRENT_TIMESTAMP" xsi:type="datetime"/>
    	<column default="CURRENT_TIMESTAMP"  name="updated_at" nullable="true" xsi:type="datetime"  on_update="true"/>
    	<column xsi:type="smallint"  identity="false" name="rating" default="0" nullable="false" />
        <column xsi:type="smallint"  identity="false" name="verified_customer" default="0" nullable="false" />  
        <column xsi:type="smallint"  identity="false" name="is_delete" default="0" nullable="false" />
        <column xsi:type="smallint"  identity="false" name="status" default="1" nullable="false" />  
        <column xsi:type="int" name="order_id" nullable="false"  identity="false" comment="order_id"/>
        <constraint xsi:type="foreign" referenceId="SUPPLIER_REVIEWS_SUPPLIER_ID_ARIA_SUPPLY_COMPANY_ID" table="supplier_reviews" column="supplier_id" referenceTable="aria_supply_company" referenceColumn="supplycompany_id"/> 
        <constraint xsi:type="foreign" referenceId="SUPPLIER_REVIEWS_VENUE_USER_ID_ARIA_VENUE_USER_ID" table="supplier_reviews" column="venue_user_id" referenceTable="aria_venue_user" referenceColumn="id"/>   
    </table>
    <table resource="default" name="aria_supply_company" engine="innodb" comment="aria_supplycompanyaccount_supplycompany Table">
        <column xsi:type="decimal" name="rating" scale="2" precision="10" unsigned="true" nullable="false"
                default="0" comment="over all ratings"/>
    </table>
</schema>
