<?xml version="1.0" ?>
<config xmlns:xsi="http://www.w3.org/2001/XMLSchema-instance" xsi:noNamespaceSchemaLocation="urn:magento:framework:ObjectManager/etc/config.xsd">
	<preference for="Aria\ReviewRatings\Api\SupplierReviewsRepositoryInterface" type="Aria\ReviewRatings\Model\SupplierReviewsRepository"/>
	<preference for="Aria\ReviewRatings\Api\Data\SupplierReviewsInterface" type="Aria\ReviewRatings\Model\Data\SupplierReviews"/>
	<preference for="Aria\ReviewRatings\Api\Data\SupplierReviewsSearchResultsInterface" type="Magento\Framework\Api\SearchResults"/>
	
	<type name="Magento\Framework\View\Element\UiComponent\DataProvider\CollectionFactory">
        <arguments>
            <argument name="collections" xsi:type="array">
                <item name="aria_reviewratings_supplierreviews_listing_data_source" xsi:type="string">Aria\ReviewRatings\Model\ResourceModel\SupplierReviews\Grid\Collection</item>
            </argument>
        </arguments>
    </type>
    <virtualType name="Aria\ReviewRatings\Model\ResourceModel\SupplierReviews\Grid\Collection" type="Magento\Framework\View\Element\UiComponent\DataProvider\SearchResult">
        <arguments>
            <argument name="mainTable" xsi:type="string">supplier_reviews</argument>
            <argument name="resourceModel" xsi:type="string">Aria\ReviewRatings\Model\ResourceModel\SupplierReviews</argument>
        </arguments>
    </virtualType>
</config>