<?xml version="1.0" ?>
<routes xmlns:xsi="http://www.w3.org/2001/XMLSchema-instance" xsi:noNamespaceSchemaLocation="urn:magento:module:Magento_Webapi:etc/webapi.xsd">
	<route method="POST" url="/V1/aria/supplierreview/create">
		<service class="Aria\ReviewRatings\Api\SupplierReviewsRepositoryInterface" method="save"/>
		<resources>
            <resource ref="self"/>
        </resources>
        <data>
            <parameter name="customerId" force="true">%customer_id%</parameter>
        </data>
	</route>
	<route method="PUT" url="/V1/aria/supplierreview/update/:Id">
		<service class="Aria\ReviewRatings\Api\SupplierReviewsRepositoryInterface" method="save"/>
		<resources>
            <resource ref="self"/>
        </resources>
        <data>
            <parameter name="customerId" force="true">%customer_id%</parameter>
        </data>
	</route>
	<route method="GET" url="/V1/aria/supplierreview/get/:Id">
		<service class="Aria\ReviewRatings\Api\SupplierReviewsRepositoryInterface" method="get"/>
		<resources>
			<resource ref="Aria_ReviewRatings::ReviewRatings_view"/>
		</resources>
	</route>
	<route method="GET" url="/V1/aria/allsupplierreviews/get/:Id">
		<service class="Aria\ReviewRatings\Api\SupplierReviewsRepositoryInterface" method="getSupplierReview"/>
		<resources>
            <resource ref="self"/>
        </resources>
        <data>
            <parameter name="customerId" force="true">%customer_id%</parameter>
        </data>
	</route>
	<route method="GET" url="/V1/aria/allsupplierreviewspervenue/get/:venueId">
		<service class="Aria\ReviewRatings\Api\SupplierReviewsRepositoryInterface" method="getSupplierReviewByVenue"/>
		<resources>
            <resource ref="self"/>
        </resources>
        <data>
            <parameter name="customerId" force="true">%customer_id%</parameter>
        </data>
	</route>
	<route method="GET" url="/V1/aria/allvenuereviews/get/:supplierId">
		<service class="Aria\ReviewRatings\Api\SupplierReviewsRepositoryInterface" method="getSupplierReviewsPerVenue"/>
		<resources>
            <resource ref="self"/>
        </resources>
        <data>
            <parameter name="customerId" force="true">%customer_id%</parameter>
        </data>
	</route>
	
	<route method="GET" url="/V1/aria/supplierreview/search">
		<service class="Aria\ReviewRatings\Api\SupplierReviewsRepositoryInterface" method="getList"/>
		<resources>
			<resource ref="Aria_ReviewRatings::ReviewRatings_view"/>
		</resources>
	</route>
	<route method="DELETE" url="/V1/aria/supplierreview/delete/:id">
		<service class="Aria\ReviewRatings\Api\SupplierReviewsRepositoryInterface" method="deleteSupplierReview"/>
		<resources>
            <resource ref="self"/>
        </resources>
        <data>
            <parameter name="customerId" force="true">%customer_id%</parameter>
        </data>
	</route>
	<route method="DELETE" url="/V1/aria/supplierreview/remove/:id">
		<service class="Aria\ReviewRatings\Api\SupplierReviewsRepositoryInterface" method="removeSupplierReview"/>
		<resources>
			<resource ref="Aria_ReviewRatings::ReviewRatings_delete"/>
		</resources>
	</route>
</routes>
