<?xml version="1.0" ?>
<config xmlns:xsi="http://www.w3.org/2001/XMLSchema-instance" xsi:noNamespaceSchemaLocation="urn:magento:framework:Acl/etc/acl.xsd">
	<acl>
		<resources>
			<resource id="Magento_Backend::admin">
				<resource id="Aria_ParkOrder::ParkOrder" title="ParkOrder" sortOrder="10">
					<resource id="Aria_ParkOrder::ParkOrder_save" title="Save ParkOrder" sortOrder="10"/>
					<resource id="Aria_ParkOrder::ParkOrder_delete" title="Delete ParkOrder" sortOrder="20"/>
					<resource id="Aria_ParkOrder::ParkOrder_update" title="Update ParkOrder" sortOrder="30"/>
					<resource id="Aria_ParkOrder::ParkOrder_view" title="View ParkOrder" sortOrder="40"/>
				</resource>
				<resource id="Aria_ParkOrder::ParkOrderItem" title="ParkOrderItem" sortOrder="10">
					<resource id="Aria_ParkOrder::ParkOrderItem_save" title="Save ParkOrderItem" sortOrder="10"/>
					<resource id="Aria_ParkOrder::ParkOrderItem_delete" title="Delete ParkOrderItem" sortOrder="20"/>
					<resource id="Aria_ParkOrder::ParkOrderItem_update" title="Update ParkOrderItem" sortOrder="30"/>
					<resource id="Aria_ParkOrder::ParkOrderItem_view" title="View ParkOrderItem" sortOrder="40"/>
				</resource>
			</resource>
		</resources>
	</acl>
</config>
