<?xml version="1.0" ?>
<schema xmlns:xsi="http://www.w3.org/2001/XMLSchema-instance" xsi:noNamespaceSchemaLocation="urn:magento:framework:Setup/Declaration/Schema/etc/schema.xsd">
	<table name="aria_park_order" resource="default" engine="innodb" comment="aria_parkorder_parkorder Table">
		<column xsi:type="int" name="parkorder_id" padding="10" unsigned="true" nullable="false" identity="true" comment="Entity Id"/>
		<constraint xsi:type="primary" referenceId="PRIMARY">
			<column name="parkorder_id"/>
		</constraint>
		<column name="name" nullable="false" xsi:type="varchar" length="255"/>
		<column name="price" nullable="false" xsi:type="decimal" scale="4" precision="12"/>
		<column name="venue_user_id" nullable="false" xsi:type="int" unsigned="true" padding="11"/>
		<column name="created_at" nullable="true" xsi:type="timestamp" default="CURRENT_TIMESTAMP" on_update="false"/>
		<column name="updated_at" nullable="false" xsi:type="timestamp" default="CURRENT_TIMESTAMP" on_update="true"/>
		<column name="is_delete" nullable="true" xsi:type="smallint" default="0"/>
		<column name="item_count" nullable="false" xsi:type="int" identity="false"/>
		<column name="venue_id" nullable="true" xsi:type="int" comment="venue_id" identity="false"/>
		<column name="is_shared" nullable="true" xsi:type="smallint" default="0"/>
		<column name="is_locked" nullable="true" xsi:type="smallint" default="0"/>
		<column name="locked_by" nullable="true" xsi:type="int" unsigned="true" padding="11"/>
		<constraint xsi:type="foreign" referenceId="ARIA_PARK_ORDER_VENUE_USER_ID_ARIA_VENUE_USER_ID" referenceColumn="id" referenceTable="aria_venue_user" column="venue_user_id" table="aria_park_order" onDelete="CASCADE"/>
		<constraint xsi:type="foreign" referenceId="ARIA_PARK_ORDER_LOCKED_BY_ARIA_VENUE_USER_ID" referenceColumn="id" referenceTable="aria_venue_user" column="locked_by" table="aria_park_order" onDelete="CASCADE"/>
	</table>
	<table name="aria_park_order_item" resource="default" engine="innodb" comment="aria_parkorder_parkorderitem Table">
		<column xsi:type="int" name="parkorderitem_id" padding="10" unsigned="true" nullable="false" identity="true" comment="Entity Id"/>
		<constraint xsi:type="primary" referenceId="PRIMARY">
			<column name="parkorderitem_id"/>
		</constraint>
		<column name="name" nullable="false" xsi:type="varchar" length="255"/>
		<column name="sku" nullable="false" xsi:type="varchar" length="255"/>
		<column name="qty" nullable="false" xsi:type="int" identity="false"/>
		<column name="price" nullable="false" xsi:type="decimal" scale="4" precision="12"/>
		<column name="subtotal" nullable="false" xsi:type="decimal" scale="4" precision="12"/>
		<column name="image" nullable="true" xsi:type="varchar" length="255"/>
		<column name="created_at" nullable="false" xsi:type="timestamp" default="CURRENT_TIMESTAMP" on_update="false"/>
		<column name="updated_at" nullable="true" xsi:type="timestamp" default="CURRENT_TIMESTAMP" on_update="true"/>
		<column name="parked_order_id" nullable="false" xsi:type="int" padding="10" unsigned="true"/>
		<column name="parked_order_name" nullable="false" xsi:type="text"/>
		<column name="seller_id" nullable="true" xsi:type="int" identity="false"/>
		<column name="seller_name" nullable="true" xsi:type="varchar" length="255"/>
		<column name="category" nullable="true" xsi:type="varchar" length="255"/>
		<column name="product_id" nullable="true" xsi:type="int" comment="product_id" identity="false"/>
		<constraint xsi:type="foreign" referenceId="ARIA_PARK_ORDER_ITEM_PARK_ORDER_ID_ARIA_PARK_ORDER_PARKORDER_ID" referenceColumn="parkorder_id" referenceTable="aria_park_order" column="parked_order_id" table="aria_park_order_item" onDelete="CASCADE"/>
	</table>
</schema>
