<?xml version="1.0" ?>
<routes xmlns:xsi="http://www.w3.org/2001/XMLSchema-instance" xsi:noNamespaceSchemaLocation="urn:magento:module:Magento_Webapi:etc/webapi.xsd">
	<!-- <route url="/V1/aria-parkorder/parkorder" method="POST">
		<service class="Aria\ParkOrder\Api\ParkOrderRepositoryInterface" method="save"/>
		<resources>
			<resource ref="Aria_ParkOrder::ParkOrder_save"/>
		</resources>
	</route> -->
	<route url="/V1/aria-parkorder/parkorder/search" method="GET">
		<service class="Aria\ParkOrder\Api\ParkOrderRepositoryInterface" method="getList"/>
		<resources>
			<resource ref="Aria_ParkOrder::ParkOrder_view"/>
		</resources>
	</route>
	<!-- <route url="/V1/aria-parkorder/parkorder/:parkorderId" method="GET">
		<service class="Aria\ParkOrder\Api\ParkOrderRepositoryInterface" method="get"/>
		<resources>
			<resource ref="Aria_ParkOrder::ParkOrder_view"/>
		</resources>
	</route>
	<route url="/V1/aria-parkorder/parkorder/:parkorderId" method="PUT">
		<service class="Aria\ParkOrder\Api\ParkOrderRepositoryInterface" method="save"/>
		<resources>
			<resource ref="Aria_ParkOrder::ParkOrder_update"/>
		</resources>
	</route> -->
	<route url="/V1/aria-parkorder/parkorder/:parkorderId" method="DELETE">
		<service class="Aria\ParkOrder\Api\ParkOrderRepositoryInterface" method="deleteById"/>
		<resources>
			<resource ref="Aria_ParkOrder::ParkOrder_delete"/>
		</resources>
	</route>
	<route url="/V1/aria-parkorder/parkorderitem" method="POST">
		<service class="Aria\ParkOrder\Api\ParkOrderItemRepositoryInterface" method="save"/>
		<resources>
			<resource ref="Aria_ParkOrder::ParkOrderItem_save"/>
		</resources>
	</route> 
	<route url="/V1/aria-parkorder/parkorderitem/search" method="GET">
		<service class="Aria\ParkOrder\Api\ParkOrderItemRepositoryInterface" method="getList"/>
		<resources>
			<resource ref="Aria_ParkOrder::ParkOrderItem_view"/>
		</resources>
	</route>
	<!-- <route url="/V1/aria-parkorder/parkorderitem/:parkorderitemId" method="GET">
		<service class="Aria\ParkOrder\Api\ParkOrderItemRepositoryInterface" method="get"/>
		<resources>
			<resource ref="Aria_ParkOrder::ParkOrderItem_view"/>
		</resources>
	</route>
	<route url="/V1/aria-parkorder/parkorderitem/:parkorderitemId" method="PUT">
		<service class="Aria\ParkOrder\Api\ParkOrderItemRepositoryInterface" method="save"/>
		<resources>
			<resource ref="Aria_ParkOrder::ParkOrderItem_update"/>
		</resources>
	</route>
	<route url="/V1/aria-parkorder/parkorderitem/:parkorderitemId" method="DELETE">
		<service class="Aria\ParkOrder\Api\ParkOrderItemRepositoryInterface" method="deleteById"/>
		<resources>
			<resource ref="Aria_ParkOrder::ParkOrderItem_delete"/>
		</resources>
	</route> -->
	<route url="/V1/aria-parkorder/create" method="POST">
		<service class="Aria\ParkOrder\Api\ParkOrderRepositoryInterface" method="createParkOrder"/>
		<resources>
			<resource ref="Aria_ParkOrder::ParkOrder_save"/>
		</resources>
	</route>
	<route url="/V1/aria-parkorder/update" method="PUT">
		<service class="Aria\ParkOrder\Api\ParkOrderRepositoryInterface" method="updateOrderItems"/>
		<resources>
			<resource ref="Aria_ParkOrder::ParkOrder_save"/>
		</resources>
	</route>
	<route url="/V1/aria-parkorder/checkEdit/:parkOrderId/:venueUserId" method="GET">
		<service class="Aria\ParkOrder\Api\ParkOrderRepositoryInterface" method="checkParkOrderEdit"/>
		<resources>
			<resource ref="Aria_ParkOrder::ParkOrder_save"/>
		</resources>
	</route>
	<route url="/V1/aria-parkorder/setlock" method="POST">
		<service class="Aria\ParkOrder\Api\ParkOrderRepositoryInterface" method="setLock"/>
		<resources>
			<resource ref="Aria_ParkOrder::ParkOrder_save"/>
		</resources>
	</route>
	<route url="/V1/aria-parkorder/share" method="POST">
		<service class="Aria\ParkOrder\Api\ParkOrderRepositoryInterface" method="shareParkedOrder"/>
		<resources>
			<resource ref="Aria_ParkOrder::ParkOrder_save"/>
		</resources>
	</route>
	<route url="/V1/aria-parkorder/get/:venueId/:venueUserId" method="GET">
		<service class="Aria\ParkOrder\Api\ParkOrderRepositoryInterface" method="getParkedOrders"/>
		<resources>
			<resource ref="Aria_ParkOrder::ParkOrder_save"/>
		</resources>
	</route>
</routes>
