<?xml version="1.0"?>
<schema xmlns:xsi="http://www.w3.org/2001/XMLSchema-instance" xsi:noNamespaceSchemaLocation="urn:magento:framework:Setup/Declaration/Schema/etc/schema.xsd">
<table name="aria_quick_access" resource="default" engine="innodb" comment="quick access Table ">
    <column name="id" comment="Id" xsi:type="int" unsigned="true" padding="6" nullable="false" identity="true"/>
    <constraint xsi:type="primary" referenceId="PRIMARY">
        <column name="id"/>
    </constraint>
    <column xsi:type="varchar" name="name" nullable="true" length="50" comment=" Name"/>
    <column xsi:type="int" name="venue_id"  unsigned="true" nullable="false" identity="false" default="0" comment="venue_id"/>
    <column xsi:type="varchar" name="referral_url" nullable="true" length="128" comment="referal_url"/>
    <column xsi:type="int" name="venue_user_id" unsigned="true" nullable="false" identity="false" comment="venue_user_id"/>
    <column xsi:type="varchar" default="NULL"  name="created_by" nullable="true"  length="50"/>
	<column xsi:type="varchar" default="NULL"  name="updated_by" nullable="true"  length="50"/>
	<column xsi:type="datetime" default="CURRENT_TIMESTAMP"  name="created_at" nullable="false"  on_update="false"/>
	<column xsi:type="datetime" default="CURRENT_TIMESTAMP" name="updated_at" nullable="true"   on_update="true"/>
	<column xsi:type="smallint"  identity="false" name="is_active" default="1" nullable="false" />
    <column xsi:type="smallint"  identity="false" name="is_delete" default="0" nullable="false"/>
    <constraint xsi:type="foreign" referenceId="aria_quick_access_venue_id_aria_venue_id"   referenceColumn="id" referenceTable="aria_venue" column="venue_id" table="aria_quick_access" onDelete="CASCADE"/>
    <constraint xsi:type="foreign" referenceId="aria_quick_access_venue_user_id_aria_venue_user_id"   referenceColumn="id" referenceTable="aria_venue_user" column="venue_user_id" table="aria_quick_access" onDelete="CASCADE"/>
</table>
</schema>
