<?xml version="1.0" ?>
<routes xmlns:xsi="http://www.w3.org/2001/XMLSchema-instance" xsi:noNamespaceSchemaLocation="urn:magento:module:Magento_Webapi:etc/webapi.xsd">
	<route method="POST" url="/V1/aria/quickaccess/create">
		<service class="Aria\QuickAccess\Api\QuickAccessRepositoryInterface" method="save"/>
		<resources>
			<resource ref="Aria_QuickAccess::QuickAccess_save"/>
		</resources>
	</route>
    <route method="GET" url="/V1/aria/quickaccess/search">
		<service class="Aria\QuickAccess\Api\QuickAccessRepositoryInterface" method="getList"/>
		<resources>
			<resource ref="Aria_QuickAccess::QuickAccess_view"/>
		</resources>
	</route>
	<route method="GET" url="/V1/aria/quickaccess/get/:id">
		<service class="Aria\QuickAccess\Api\QuickAccessRepositoryInterface" method="getQuickAccess"/>
		<resources>
			<resource ref="Aria_QuickAccess::QuickAccess_view"/>
		</resources>
	</route>
	<route method="DELETE" url="/V1/aria/quickaccess/delete/:id">
		<service class="Aria\QuickAccess\Api\QuickAccessRepositoryInterface" method="deleteQuickAccess"/>
		<resources>
			<resource ref="Aria_QuickAccess::QuickAccess_delete"/>
		</resources>
	</route>
</routes>
