<?xml version="1.0"?>
<config xmlns:xsi="http://www.w3.org/2001/XMLSchema-instance" xsi:noNamespaceSchemaLocation="urn:magento:module:Magento_Config:etc/system_file.xsd">
    <system>
        <tab id="aria" translate="label" sortOrder="10">
            <label>Aria</label>
        </tab>
        <section id="supplycompany" translate="label" sortOrder="130" showInDefault="1" showInWebsite="1" showInStore="1">
            <class>separator-top</class>
            <label>Supply Company Account</label>
            <tab>aria</tab>
            <resource>Aria_SupplyCompany::supplycompanyaccount_config</resource>
            <group id="general" translate="label" type="text" sortOrder="10" showInDefault="1" showInWebsite="0" showInStore="0">
                <label>General Configuration</label>
                <field id="enable" translate="label" type="select" sortOrder="1" showInDefault="1" showInWebsite="1" showInStore="0">
                    <label>Enable Supply Company Account</label>
                    <source_model>Magento\Config\Model\Config\Source\Yesno</source_model>
                </field>
            </group>
        </section>
        <section id="deliverycost" translate="label" sortOrder="130" showInDefault="1" showInWebsite="1" showInStore="1">
            <class>separator-top</class>
            <label>Delivery Cost Configuration </label>
            <tab>aria</tab>
            <resource>Aria_SupplyCompany::supplycompanyaccount_config</resource>
            <group id="general" translate="label" type="text" sortOrder="10" showInDefault="1" showInWebsite="0" showInStore="0">
                <label>General Configuration</label>
                <field id="delivery_cost_configuration" translate="label" type="text" sortOrder="40" showInDefault="1" showInWebsite="1" showInStore="1">
                    <comment>Delivery Cost Configuration URL which displaying the Delivery Cost Details.</comment>
                    <label>Delivery Cost Configuration URL</label>
                        <validate>required-entry validate-url</validate>
                </field>
            </group>
        </section>
    </system>
</config>