<?xml version="1.0" ?>
<schema xmlns:xsi="http://www.w3.org/2001/XMLSchema-instance" xsi:noNamespaceSchemaLocation="urn:magento:framework:Setup/Declaration/Schema/etc/schema.xsd">
	<table name="bazar_forgotpassword_otp" resource="default" engine="innodb" comment="bazar_forgotpassword_otp Table">
		<column xsi:type="int" name="id" padding="11" unsigned="true" nullable="false" identity="true" comment="Entity Id"/>
		<constraint xsi:type="primary" referenceId="PRIMARY">
			<column name="id"/>
		</constraint>
		<column name="code" nullable="true" xsi:type="varchar" comment="code" length="255"/>
		<column name="customer_id" nullable="false" xsi:type="int" unsigned="true" comment="customer_id" identity="false"/>
		<column name="is_used" nullable="true" xsi:type="smallint" comment="is_used" default="0"/>
		<column name="is_expired" nullable="true" xsi:type="smallint" comment="is_expired" default="0"/>
		<column name="created_at" nullable="false" xsi:type="timestamp" comment="created_at" default="CURRENT_TIMESTAMP"/>
		<column name="updated_at" nullable="false" xsi:type="timestamp" comment="updated_at" default="CURRENT_TIMESTAMP" on_update="true"/>
		<constraint xsi:type="foreign" referenceId="bazar_forgot_otp_customer_id_customer_entity_id" referenceColumn="entity_id" referenceTable="customer_entity" column="customer_id" table="bazar_forgotpassword_otp" onDelete="CASCADE"/>
	</table>
</schema>
