<?xml version="1.0"?>
<routes xmlns:xsi="http://www.w3.org/2001/XMLSchema-instance"
        xsi:noNamespaceSchemaLocation="urn:magento:module:Magento_Webapi:etc/webapi.xsd">
    <route url="/V1/bazar/customer/token" method="POST">
        <service class="Bazar\UserManagement\Api\LoginManagementInterface" method="createCustomerAccessToken"/>
        <resources>
            <resource ref="anonymous"/>
        </resources>
    </route>
    
    <route url="/V1/bazar/password/change" method="POST">
        <service class="Bazar\UserManagement\Api\LoginManagementInterface" method="changePassword"/>
        <resources>
            <resource ref="self"/>
        </resources>
        <data>
            <parameter name="customerId" force="true">%customer_id%</parameter>
        </data>
    </route>
    <route url="/V1/bazar/reset-password/code/:email" method="GET">
        <service class="Bazar\UserManagement\Api\LoginManagementInterface" method="getPasswordResetCode"/>
        <resources>
            <resource ref="anonymous"/>
        </resources>
    </route>
    <route url="/V1/bazar/reset-password/setpassword/" method="POST">
        <service class="Bazar\UserManagement\Api\LoginManagementInterface" method="checkVerificationCodeAndSetPassword"/>
        <resources>
            <resource ref="anonymous"/>
        </resources>
    </route>
</routes>
