<?xml version="1.0"?>
<!--
/**
 * Copyright © Magento, Inc. All rights reserved.
 * See COPYING.txt for license details.
 */
-->
<config xmlns:xsi="http://www.w3.org/2001/XMLSchema-instance" xsi:noNamespaceSchemaLocation="urn:magento:module:Magento_Config:etc/system_file.xsd">
    <system>
        <tab id="bazar" translate="label" sortOrder="10">
            <label>Bazar</label>
        </tab>
        <section id="commission" translate="label" sortOrder="130" showInDefault="1" showInWebsite="1" showInStore="1">
            <class>separator-top</class>
            <label>Commission</label>
            <tab>bazar</tab>
            <resource>Bazar_Configuration::configuration_config</resource>
            <group id="general" translate="label" type="text" sortOrder="10" showInDefault="1" showInWebsite="1" showInStore="1">
                <label>Bazar Configuration</label>
                <field id="bazar_commission_enable" translate="label" type="select" sortOrder="10" showInDefault="1" showInWebsite="1" showInStore="1">
                    <label>Enable Bazar Commission</label>
                    <source_model>Magento\Config\Model\Config\Source\Yesno</source_model>
                </field>
                <field id="bazar_commission" translate="label comment" type="text" sortOrder="20" showInDefault="1" showInWebsite="0" showInStore="0">
                    <label>Bazar Commission</label>
                    <comment>Enter the value in percentage.</comment>
                    <validate>validate-digits validate-digits-range digits-range-1-99</validate>
                    <depends>
                        <field id="bazar_commission_enable">1</field>
                    </depends>
                </field>
                <field id="seller_commission" translate="label comment" type="text" sortOrder="30" showInDefault="1" showInWebsite="0" showInStore="0">
                    <label>Seller Commission</label>
                    <comment>Enter the value in percentage.</comment>
                    <validate>validate-digits validate-digits-range digits-range-1-99</validate>
                </field>
            </group>
        </section>
        <section id="frontend_url" translate="label" type="text" sortOrder="301" showInDefault="1" showInWebsite="1" showInStore="1">
            <label>Front End Configurations</label>
            <tab>bazar</tab>
            <resource>Bazar_Configuration::url_config</resource>
            <group id="url" type="text" sortOrder="0" showInDefault="1">
                <label>Url's</label>
                <field id="front_end_base_url" translate="label comment" type="text" sortOrder="10" showInDefault="1" showInWebsite="1" showInStore="0">
                    <label>Supplier Front End BASE URL</label>
                </field>
                <field id="front_end_base_url_seller" translate="label comment" type="text" sortOrder="20" showInDefault="1" showInWebsite="1" showInStore="0">
                    <label>Seller Front End BASE URL</label>
                </field>
            </group>
        </section>
        <section id="product_catalog_config" translate="label" type="text" sortOrder="501" showInDefault="1" showInWebsite="1" showInStore="1">
            <label>Product catalog Configurations</label>
            <tab>bazar</tab>
            <resource>Bazar_Configuration::bestSeller_config</resource>
            <group id="bestSeller" type="text" sortOrder="0" showInDefault="1">
                <label>General Configuration</label>
                <field id="bestSellerProducts_number" translate="label comment" type="text" sortOrder="10" showInDefault="1" showInWebsite="0" showInStore="0">
                    <label>Number of products to be displayed in the bestseller filter</label>
                    <validate>required-number validate-digits validate-greater-than-zero</validate>
                </field>
            </group>
        </section>
    </system>
</config>