<?xml version="1.0"?>
<config xmlns:xsi="http://www.w3.org/2001/XMLSchema-instance" xsi:noNamespaceSchemaLocation="urn:magento:module:Magento_Config:etc/system_file.xsd">
    <system>
        <tab id="aria" translate="label" sortOrder="10">
            <label>Aria</label>
        </tab>
        <section id="quickaccess" translate="label" sortOrder="130" showInDefault="1" showInWebsite="1" showInStore="1">
            <class>separator-top</class>
            <label>Quick Access</label>
            <tab>aria</tab>
            <resource>Aria_QuickAccess::quickaccess_config</resource>
            <group id="general" translate="label" type="text" sortOrder="10" showInDefault="1" showInWebsite="0" showInStore="0">
                <label>QuickAccess Configuration</label>
                <field id="display_text" translate="label" type="text" sortOrder="1" showInDefault="1" showInWebsite="0" showInStore="0">
                    <label>Quick Access Limit</label>
                 <validate>validate-digits</validate>
                </field>  
            </group>
        </section>
    </system>
</config>