<?xml version="1.0" ?>
<config xmlns:xsi="http://www.w3.org/2001/XMLSchema-instance" xsi:noNamespaceSchemaLocation="urn:magento:framework:Acl/etc/acl.xsd">
	<acl>
		<resources>
			<resource id="Magento_Backend::admin">
				<resource id="Bazar_SupplierManagement::SupplierManagement" sortOrder="10" title="SupplierManagement permissions ">
					<resource id="Bazar_SupplierManagement::SupplierManagement_save" sortOrder="10" title="Save Supplier"/>
					<resource id="Bazar_SupplierManagement::SupplierManagement_delete" sortOrder="20" title="Delete Supplier"/>
					<resource id="Bazar_SupplierManagement::SupplierManagement_update" sortOrder="30" title="Update Supplier"/>
					<resource id="Bazar_SupplierManagement::SupplierManagement_view" sortOrder="40" title="View Supplier"/>
					<resource id="Bazar_SupplierManagement::Invite_view" sortOrder="10" title="View Invite"/>
					<resource id="Bazar_SupplierManagement::SupplierManagement_sendVerificationMail" sortOrder="50" title="Send Supplier Verification Email"/>
					<resource id="Bazar_SupplierManagement::SupplierManagement_verifyMail" sortOrder="60" title="Verify Supplier Email"/>
					<resource id="Bazar_SupplierManagement::SupplierManagement_sendNotificationMailOtp" sortOrder="70" title="send Notification Email OTP"/>
					<resource id="Bazar_SupplierManagement::SupplierManagement_verifyNotificationMailOtp" sortOrder="80" title="Verify Notification Email OTP"/>
				</resource>
			</resource>
		</resources>
	</acl>
</config>
