{
    "customer_entity": {
        "column": {
            "user_confirmation": true,
            "confirmation_token": true
        }
    },
    "bazar_supplier": {
        "column": {
            "id": true,
            "customer_id": true,
            "company_name": true,
            "description": true,
            "website_url": true,
            "company_address": true,
            "city": true,
            "state": true,
            "country": true,
            "zip_code": true,
            "customer_email": true,
            "company_email": true,
            "phone_number": true,
            "vat_number": true,
            "created_at": true,
            "updated_at": true,
            "is_active": true,
            "is_deleted": true,
            "business_type": true,
            "notification_email": true,
            "notofication_email": true
        },
        "constraint": {
            "PRIMARY": true,
            "BAZAR_SUPPLIER_CUSTOMER_ID_CUSTOMER_ENTITY_ENTITY_ID": true
        }
    },
    "bazar_invite_code": {
        "column": {
            "id": true,
            "invite_code": true,
            "supplier_id": true,
            "is_used": true,
            "created_by": true,
            "updated_by": true,
            "created_at": true,
            "updated_at": true,
            "is_active": true,
            "is_delete": true
        },
        "constraint": {
            "PRIMARY": true,
            "BAZAR_INVITE_CODE_INVITE_CODE": true
        }
    }
}