<?xml version="1.0"?>
<!--
/**
 * Copyright © Magento, Inc. All rights reserved.
 * See COPYING.txt for license details.
 */
-->
<schema xmlns:xsi="http://www.w3.org/2001/XMLSchema-instance"
        xsi:noNamespaceSchemaLocation="urn:magento:framework:Setup/Declaration/Schema/etc/schema.xsd">
        <table name="customer_entity" resource="default" engine="innodb" comment="Customer Entity">
         <column xsi:type="smallint" name="user_confirmation" unsigned="true" nullable="false" identity="false"
                        default="0" comment="user_confirmation"/>
        <column xsi:type="varchar" name="confirmation_token" nullable="true" length="64" comment="confirmation_token"/>
        </table>
        <table name="bazar_supplier" resource="default" engine="innodb" comment="Supplier Entity">
                <column xsi:type="int" name="id" unsigned="true" nullable="false" identity="true"
                        comment="Supplier ID"/>
                <column xsi:type="int" name="customer_id" unsigned="true" nullable="false"
                        comment="Magento Customer ID"/>
                <column xsi:type="varchar" name="company_name" nullable="true" length="255" comment="Supplier Name"/>
                <column xsi:type="varchar" name="description" nullable="true" length="255" comment="Description"/>
                <column xsi:type="text" name="website_url" nullable="true" comment="Website url"/>
                <column xsi:type="text" name="company_address" nullable="false" comment="Company Address"/>
                <column xsi:type="varchar" name="city" nullable="true" length="255" comment="City"/>
                <column xsi:type="varchar" name="state" nullable="true" length="255" comment="State"/>
                <column xsi:type="varchar" name="country" nullable="true" length="255" comment="Country"/>
                <column xsi:type="varchar" name="zip_code" nullable="true" length="255" comment="ZipCode"/>
                <column xsi:type="varchar" name="customer_email" nullable="true" length="255" comment="Customer Email"/>
                <column xsi:type="varchar" name="company_email" nullable="true" length="255" comment="Company Email"/>
                <column xsi:type="varchar" name="phone_number" nullable="true" length="255" comment="Phone Number"/>
                <column xsi:type="varchar" name="vat_number" nullable="true" length="255" comment="Vat Number"/>
                <column xsi:type="smallint" name="store_code" unsigned="true" nullable="false" identity="false" default="0" comment="store_code"/>
                <column xsi:type="varchar" name="notofication_email" nullable="true" length="255" comment="Notification Email" disabled="true"/>
                <column xsi:type="varchar" name="notification_email" nullable="true" length="255" comment="Notification Email"/>
                <column xsi:type="timestamp" name="created_at" on_update="false" nullable="false" default="CURRENT_TIMESTAMP"
                        comment="Created At"/>
                <column xsi:type="timestamp" name="updated_at" on_update="true" nullable="false" default="CURRENT_TIMESTAMP"
                        comment="Updated At"/>
                <column xsi:type="smallint" name="is_active" unsigned="true" nullable="false" identity="false"
                        default="0" comment="Is Active"/>
                <column xsi:type="smallint" name="is_deleted" unsigned="true" nullable="false" identity="false"
                        default="0" comment="Is Deleted"/>
                <column xsi:type="text" name="business_type" nullable="true" comment="Business Type"/>
                <constraint xsi:type="primary" referenceId="PRIMARY">
                <column name="id"/>
                </constraint>
		<constraint xsi:type="foreign" referenceId="CUSTOMER_ENTITY_ID_BAZAR_SUPPLIER_CUSTOMER_ID" referenceColumn="entity_id" referenceTable="customer_entity" column="customer_id" table="bazar_supplier" onDelete="CASCADE"/>
        </table>
        <table resource="default" name="bazar_invite_code" engine="innodb" comment="bazar_invite code Table">
                <column xsi:type="int" name="invite_id" comment="Id" unsigned="true" padding="6" nullable="false" identity="true"/>
                <constraint xsi:type="primary" referenceId="PRIMARY">
                <column name="invite_id"/>
                </constraint>
                <column  xsi:type="varchar" name="invite_code"  nullable="false" comment="invite_code" length="50"/>
                <column xsi:type="smallint"  identity="false" name="is_used" default="0" nullable="false" />
                 <column xsi:type="varchar" default="NULL"  name="used_by" nullable="true"  length="50"/>
                <column xsi:type="varchar" default="NULL"  name="created_by" nullable="true"  length="50"/>
                <column xsi:type="varchar" default="NULL"  name="updated_by" nullable="true"  length="50"/>
                <column xsi:type="datetime" default="CURRENT_TIMESTAMP"  name="created_at" nullable="false"  on_update="false"/>
                <column xsi:type="datetime" default="CURRENT_TIMESTAMP" name="updated_at" nullable="true"   on_update="true"/>
                <column xsi:type="smallint"  identity="false" name="is_active" default="1" nullable="false" />
                <column xsi:type="smallint"  identity="false" name="is_delete" default="0" nullable="false"/>
                <constraint xsi:type="unique" referenceId="BAZAR_INVITE_CODE_INVITE_CODE">
                        <column name="invite_code"/>
                </constraint>
        </table>
        <table resource="default" name="bazar_email_verfication_token" engine="innodb" comment="bazar email verification token Table">
                <column xsi:type="int" name="id" comment="Id" unsigned="true" padding="6" nullable="false" identity="true"/>
                <constraint xsi:type="primary" referenceId="PRIMARY">
                        <column name="id"/>
                </constraint>
                <column  xsi:type="varchar" name="token"  nullable="false" comment="token" length="50"/>
                <column xsi:type="varchar" name="email" nullable="false" length="255" comment="Email"/>
                <column xsi:type="smallint"  identity="false" name="is_verified" default="0" nullable="false" />
                <column xsi:type="smallint"  identity="false" name="is_expired" default="0" nullable="false" />
                <column xsi:type="datetime" default="CURRENT_TIMESTAMP"  name="created_at" nullable="false"  on_update="false"/>
                <column xsi:type="datetime" default="CURRENT_TIMESTAMP" name="updated_at" nullable="true"   on_update="true"/>
        </table>
        <table resource="default" name="bazar_supplier_notification_email_otp" engine="innodb" comment="bazar supplier notification mail otp Table">
                <column xsi:type="int" name="id" comment="Id" unsigned="true" padding="6" nullable="false" identity="true"/>
                <constraint xsi:type="primary" referenceId="PRIMARY">
                        <column name="id"/>
                </constraint>
                <column  xsi:type="varchar" name="otp"  nullable="false" comment="otp" length="50"/>
                <column xsi:type="varchar" name="email" nullable="false" length="255" comment="Email"/>
                <column xsi:type="smallint"  identity="false" name="is_verified" default="0" nullable="false" />
                <column xsi:type="smallint"  identity="false" name="is_expired" default="0" nullable="false" />
                <column xsi:type="datetime" default="CURRENT_TIMESTAMP"  name="created_at" nullable="false"  on_update="false"/>
                <column xsi:type="datetime" default="CURRENT_TIMESTAMP" name="updated_at" nullable="true"   on_update="true"/>
        </table>
</schema>
