<?xml version="1.0" ?>
<config xmlns:xsi="http://www.w3.org/2001/XMLSchema-instance" xsi:noNamespaceSchemaLocation="urn:magento:framework:ObjectManager/etc/config.xsd">

	<preference for="Bazar\SupplierManagement\Api\Data\SupplierInterface" type="Bazar\SupplierManagement\Model\Data\Supplier"/>
	<preference for="Bazar\SupplierManagement\Api\SupplierRepositoryInterface" type="Bazar\SupplierManagement\Model\SupplierRepository"/>
	<preference for="Bazar\SupplierManagement\Api\Data\SupplierSearchResultsInterface" type="Magento\Framework\Api\SearchResults"/>

	 <type name="Magento\Framework\View\Element\UiComponent\DataProvider\CollectionFactory">
        <arguments>
            <argument name="collections" xsi:type="array">
                <item name="bazar_suppliermanagement_supplier_listing_data_source" xsi:type="string">Bazar\SupplierManagement\Model\ResourceModel\Supplier\Grid\Collection</item>
            </argument>
        </arguments>
    </type>
    <virtualType name="Bazar\SupplierManagement\Model\ResourceModel\Supplier\Grid\Collection" type="Magento\Framework\View\Element\UiComponent\DataProvider\SearchResult">
        <arguments>
            <argument name="mainTable" xsi:type="string">bazar_supplier</argument>
            <argument name="resourceModel" xsi:type="string">Bazar\SupplierManagement\Model\ResourceModel\Supplier</argument>
        </arguments>
    </virtualType>
	<preference for="Bazar\SupplierManagement\Api\InviteRepositoryInterface" type="Bazar\SupplierManagement\Model\InviteRepository"/>
	<preference for="Bazar\SupplierManagement\Api\Data\InviteInterface" type="Bazar\SupplierManagement\Model\Data\invite"/>
	<preference for="Bazar\SupplierManagement\Api\Data\InviteSearchResultsInterface" type="Magento\Framework\Api\SearchResults"/>
	
	<virtualType name="Bazar\SupplierManagement\Model\ResourceModel\Invite\Grid\Collection" type="Magento\Framework\View\Element\UiComponent\DataProvider\SearchResult">
		<arguments>
			<argument name="mainTable" xsi:type="string">bazar_invite_code</argument>
			<argument name="resourceModel" xsi:type="string">Bazar\SupplierManagement\Model\ResourceModel\Invite\Collection</argument>
		</arguments>
	</virtualType>
	<type name="Magento\Framework\View\Element\UiComponent\DataProvider\CollectionFactory">
		<arguments>
			<argument name="collections" xsi:type="array">
				<item name="bazar_invite_code_listing_data_sources" xsi:type="string">Bazar\SupplierManagement\Model\ResourceModel\Invite\Grid\Collection</item>
			</argument>
		</arguments>
	</type>

	<preference for="Bazar\SupplierManagement\Api\EmailTokenRepositoryInterface" type="Bazar\SupplierManagement\Model\EmailTokenRepository"/>
	<preference for="Bazar\SupplierManagement\Api\Data\EmailTokenInterface" type="Bazar\SupplierManagement\Model\EmailToken"/>
	<preference for="Bazar\SupplierManagement\Api\Data\EmailTokenSearchResultsInterface" type="Bazar\SupplierManagement\Model\EmailTokenSearchResults"/>

	<preference for="Bazar\SupplierManagement\Api\NotificationOtpRepositoryInterface" type="Bazar\SupplierManagement\Model\NotificationOtpRepository"/>
	<preference for="Bazar\SupplierManagement\Api\Data\NotificationOtpInterface" type="Bazar\SupplierManagement\Model\NotificationOtp"/>
	<preference for="Bazar\SupplierManagement\Api\Data\NotificationOtpSearchResultsInterface" type="Bazar\SupplierManagement\Model\NotificationOtpSearchResults"/>
</config>
