<?xml version="1.0"?>
<routes xmlns:xsi="http://www.w3.org/2001/XMLSchema-instance"
        xsi:noNamespaceSchemaLocation="urn:magento:module:Magento_Webapi:etc/webapi.xsd">
    <route url="/V1/bazar/supplier/register" method="POST">
        <service class="Bazar\SupplierManagement\Api\SupplierRepositoryInterface" method="save"/>
        <resources>
            <resource ref="Bazar_SupplierManagement::SupplierManagement_save"/>
        </resources>
    </route>
    <route url="/V1/bazar/supplier/verify" method="POST">
        <service class="Bazar\SupplierManagement\Api\SupplierRepositoryInterface" method="verifyCustomer"/>
        <resources>
            <resource ref="Bazar_SupplierManagement::SupplierManagement_save"/>
        </resources>
    </route>
    <route url="/V1/bazar/supplier/account/get" method="GET">
        <service class="Bazar\SupplierManagement\Api\SupplierRepositoryInterface" method="checkCustomerExists"/>
        <resources>
            <resource ref="Bazar_SupplierManagement::SupplierManagement_view"/>
        </resources>
    </route>
    <route url="/V1/bazar/supplier/get:id" method="GET">
        <service class="Bazar\SupplierManagement\Api\SupplierRepositoryInterface" method="get"/>
        <resources>
            <resource ref="Bazar_SupplierManagement::SupplierManagement_view"/>
        </resources>
    </route>
    <route method="GET" url="/V1/bazar/supplier/search">
		<service class="Bazar\SupplierManagement\Api\SupplierRepositoryInterface" method="getList"/>
		<resources>
			<resource ref="Bazar_SupplierManagement::SupplierManagement_view"/>
		</resources>
	</route>
    <route method="DELETE" url="/V1/bazar/supplier/delete/:id">
		<service class="Bazar\SupplierManagement\Api\SupplierRepositoryInterface" method="delete"/>
		<resources>
			<resource ref="Bazar_SupplierManagement::SupplierManagement_view"/>
		</resources>
        <data>
            <parameter name="customerId" force="true">%customer_id%</parameter>
        </data>
	</route>
	<route method="GET" url="/V1/bazar/invite/search">
		<service class="Bazar\SupplierManagement\Api\InviteRepositoryInterface" method="getList"/>
		<resources>
			<resource ref="Bazar_SupplierManagement::Invite_view"/>
		</resources>
	</route>
    <route method="GET" url="/V1/bazar/invite/get/:customerId/:inviteCode">
		<service class="Bazar\SupplierManagement\Api\InviteRepositoryInterface" method="getVerifyInvite"/>
		<resources>
			<resource ref="Bazar_SupplierManagement::Invite_view"/>
		</resources>
	</route>
    <route url="/V1/bazar/supplier/sendVerificationMail:emailId" method="POST">
        <service class="Bazar\SupplierManagement\Api\EmailTokenRepositoryInterface" method="sendVerificationMail"/>
        <resources>
            <resource ref="Bazar_SupplierManagement::SupplierManagement_sendVerificationMail"/>
        </resources>
    </route>
    <route url="/V1/bazar/supplier/verifyMail/:email/:token" method="POST">
        <service class="Bazar\SupplierManagement\Api\EmailTokenRepositoryInterface" method="verifyMail"/>
        <resources>
            <resource ref="Bazar_SupplierManagement::SupplierManagement_verifyMail"/>
        </resources>
    </route>
    <route url="/V1/bazar/supplier/notificationMail/otp:email" method="POST">
        <service class="Bazar\SupplierManagement\Api\NotificationOtpRepositoryInterface" method="sendOtp"/>
        <resources>
            <resource ref="Bazar_SupplierManagement::SupplierManagement_sendNotificationMailOtp"/>
        </resources>
    </route>
    <route url="/V1/bazar/supplier/notificationMail/verifyOtp/:supplierId/:email/:otp" method="POST">
        <service class="Bazar\SupplierManagement\Api\NotificationOtpRepositoryInterface" method="verifyOtp"/>
        <resources>
            <resource ref="Bazar_SupplierManagement::SupplierManagement_verifyNotificationMailOtp"/>
        </resources>
    </route>
</routes>
