<?xml version="1.0" ?>
<config xmlns:xsi="http://www.w3.org/2001/XMLSchema-instance" xsi:noNamespaceSchemaLocation="urn:magento:framework:Acl/etc/acl.xsd">
	<acl>
		<resources>
			<resource id="Magento_Backend::admin">
				<resource id="Aria_SupplyCompanyAccount::DC" sortOrder="10" title="DCData">
					<resource id="Aria_SupplyCompanyAccount::DC_save" sortOrder="10" title="Save DC"/>
					<resource id="Aria_SupplyCompanyAccount::DC_delete" sortOrder="20" title="Delete DC"/>
					<resource id="Aria_SupplyCompanyAccount::DC_update" sortOrder="30" title="Update DC"/>
					<resource id="Aria_SupplyCompanyAccount::DC_view" sortOrder="40" title="View DC"/>
					<resource id="Aria_SupplyCompanyAccount::DC_setStatus" sortOrder="40" title="Update DCStatus"/>
				</resource>
				<resource id="Aria_SupplyCompanyAccount::SupplyCompany" sortOrder="10" title="SupplyCompany">
					<resource id="Aria_SupplyCompanyAccount::SupplyCompany_save" sortOrder="10" title="Save SupplyCompany"/>
					<resource id="Aria_SupplyCompanyAccount::SupplyCompany_delete" sortOrder="20" title="Delete SupplyCompany"/>
					<resource id="Aria_SupplyCompanyAccount::SupplyCompany_update" sortOrder="30" title="Update SupplyCompany"/>
					<resource id="Aria_SupplyCompanyAccount::SupplyCompany_view" sortOrder="40" title="View SupplyCompany"/>
				</resource>
			</resource>
		</resources>
	</acl>
</config>
