{
    "aria_supply_company": {
        "column": {
            "supplycompany_id": true,
            "company_name": true,
            "website_url": true,
            "website_id": true,
            "status": true,
            "company_email": true,
            "sales_rep": true,
            "company_legal_name": true,
            "vat_id": true,
            "reseller_id": true,
            "comment": true,
            "street_address": true,
            "city": true,
            "state": true,
            "country": true,
            "zip_code": true,
            "company_admin": true,
            "phone_no": true,
            "created_by": true,
            "updated_by": true,
            "created_at": true,
            "updated_at": true,
            "is_active": true,
            "is_delete": true
        },
        "constraint": {
            "PRIMARY": true,
            "ARIA_SUPPLY_COMPANY_SALES_REP_ADMIN_USER_USER_ID": true,
            "ARIA_SUPPLY_COMPANY_COUNTRY_DIRECTORY_COUNTRY_COUNTRY_ID": true,
            "ARIA_SUPPLY_COMPANY_COMPANY_ADMIN_CUSTOMER_ENTITY_ENTITY_ID": true,
            "ARIA_SUPPLY_COMPANY_COMPANY_NAME_COMPANY_EMAIL_PHONE_NO": true
        }
    },
    "aria_supply_dc": {
        "column": {
            "dc_id": true,
            "supply_id": true,
            "name": true,
            "description": true,
            "address": true,
            "email": true,
            "phone": true,
            "zip_code": true,
            "latitude": true,
            "longitude": true,
            "created_at": true,
            "updated_at": true,
            "is_active": true,
            "is_delete": true,
            "contact_name": true,
            "contact_person_phone": true,
            "city": true,
            "state": true,
            "country": true,
            "delivery_location": true,
            "store_id": true
        },
        "constraint": {
            "PRIMARY": true,
            "ARIA_SUPPLY_DC_SUPPLY_ID_ARIA_SUPPLY_COMPANY_SUPPLYCOMPANY_ID": true,
            "ARIA_SUPPLY_DC_EMAIL_PHONE": true
        }
    },
    "sales_order": {
        "column": {
            "dcid": true
        },
        "constraint": {
            "SALES_ORDER_DCID_ARIA_SUPPLY_DC_DC_ID": true
        }
    }
}