<?xml version="1.0"?>
<schema xmlns:xsi="http://www.w3.org/2001/XMLSchema-instance" xsi:noNamespaceSchemaLocation="urn:magento:framework:Setup/Declaration/Schema/etc/schema.xsd">
	
	<table resource="default" name="aria_supply_company" engine="innodb" comment="aria_supplycompanyaccount_supplycompany Table">
    <column  xsi:type="int" name="supplycompany_id" comment="SupplycompanyId" unsigned="true" padding="11" nullable="false" identity="true"/>
    <constraint xsi:type="primary" referenceId="PRIMARY">
    <column name="supplycompany_id"/>
    </constraint>
    <column  xsi:type="varchar" name="company_name" nullable="false"  length="50" comment="Company Name"/>
    <column  xsi:type="varchar" name="website_url" nullable="false"  length="255" comment="Website Url"/>
    <column  xsi:type="int" name="website_id"  nullable="false"  identity="false"  comment="Website ID"/>
    <column  xsi:type="int" name="status"   nullable="false" identity="false" padding="11" comment="Status"/>
    <column name="company_email" nullable="false" xsi:type="varchar" length="128"/>
    <column  xsi:type="int" name="sales_rep"  unsigned="true" nullable="false" identity="false"  padding="11" comment="Sales Rep"/>
    <column  xsi:type="varchar" name="company_legal_name"  nullable="false"  length="50" comment="Company Legal Name"/>
    <column  xsi:type="varchar" name="vat_id"  nullable="false"  length="50" comment="Vat Id"/>
    <column  xsi:type="varchar" name="reseller_id"  nullable="false"  length="50" comment="Reseller Id"/>
    <column  xsi:type="varchar" name="comment" nullable="false"  length="255" comment="Comment"/>
    <column  xsi:type="varchar" name="street_address"  nullable="false"  length="255" comment="Street Address"/>
    <column  xsi:type="varchar" name="city"   nullable="false"  length="128" comment="City"/>
    <column name="state" nullable="false" xsi:type="varchar" length="128"/>
	<column default="" name="country" nullable="false" xsi:type="varchar" length="255"/>  
	<column  xsi:type="varchar" name="job_title"  nullable="false"  length="255" comment="Job Title"/> 
    <column  xsi:type="varchar" name="zip_code"  nullable="false"  length="128" comment="Zip Code"/>
    <column identity="false" name="company_admin" nullable="false" unsigned="true" xsi:type="int"/>
    <column  xsi:type="varchar" name="phone_no"  nullable="false"  length="15" comment="Phone No"/>
    <column xsi:type="varchar" default="NULL"  name="created_by" nullable="true"  length="50"/>
	<column xsi:type="varchar" default="NULL" name="updated_by" nullable="true"  length="50"/>
	<column xsi:type="datetime" default="CURRENT_TIMESTAMP"  name="created_at" nullable="false"  on_update="false"/>
	<column xsi:type="datetime" default="CURRENT_TIMESTAMP" name="updated_at" nullable="true"   on_update="true"/>
	<column xsi:type="smallint"  identity="false" name="is_active" nullable="false" /> 
    <column identity="false" default="0" name="is_delete" nullable="false" xsi:type="smallint" />
    <column  xsi:type="int" name="mov"  nullable="false" identity="false" padding="11" comment="MOV"/>
    <column  xsi:type="int" name="return_time_period"  nullable="false" identity="false" padding="11" comment="Return Time Period"/>
	<column xsi:type="timestamp" default="CURRENT_TIMESTAMP" name="countdown_timer"  comment="Order Processing Time"/>
	<column xsi:type="smallint"  identity="false" name="delivery_cost" default="0" nullable="false" /> 
    <constraint xsi:type="foreign" referenceId="ARIA_SUPPLY_COMPANY_SALES_REP_ADMIN_USER_USER_ID" referenceColumn="user_id" referenceTable="admin_user" column="sales_rep" table="aria_supply_company" onDelete="CASCADE"/>
    <constraint xsi:type="foreign" referenceId="ARIA_SUPPLY_COMPANY_COMPANY_ADMIN_CUSTOMER_ENTITY_ENTITY_ID" referenceColumn="entity_id" referenceTable="customer_entity" column="company_admin" table="aria_supply_company" onDelete="CASCADE"/>
    <constraint xsi:type="unique" referenceId="ARIA_SUPPLY_COMPANY_COMPANY_NAME_COMPANY_EMAIL_PHONE_NO">
	<column name="company_name" />
	<column name="company_email" />
	<column name="phone_no" />
	</constraint>
    </table>


	<table comment="aria_supply_dc Table" engine="innodb" name="aria_supply_dc" resource="default">
		<column comment="Entity Id" identity="true" name="dc_id" nullable="false" padding="6" unsigned="true" xsi:type="int" />
		<constraint referenceId="PRIMARY" xsi:type="primary">
			<column name="dc_id" />
		</constraint>
		<column identity="false" unsigned="true" nullable="false" padding="11" name="supply_id" xsi:type="int"/>
		<column length="255" name="name" nullable="false" xsi:type="varchar" />
		<column length="255" name="description" nullable="true" xsi:type="varchar" />
		<column length="255" name="address" nullable="true" xsi:type="varchar" />
		<column length="255" name="email" nullable="false" xsi:type="varchar" />
		<column name="phone" nullable="false" length="15" xsi:type="varchar" />
		<column length="255" name="zip_code" nullable="true" xsi:type="varchar" />
		<column name="latitude" nullable="true" precision="12" scale="4" xsi:type="decimal" />
		<column name="longitude" nullable="true" precision="12" scale="4" xsi:type="decimal" />
		<column xsi:type="varchar" default="NULL"  name="created_by" nullable="true"  length="50"/>
		<column xsi:type="varchar" default="NULL" name="updated_by" nullable="true"  length="50"/>
		<column default="CURRENT_TIMESTAMP" name="created_at" nullable="true" xsi:type="timestamp" on_update="false" />
		<column default="CURRENT_TIMESTAMP" name="updated_at" nullable="true" xsi:type="timestamp" on_update="true" />
		<column xsi:type="smallint"  identity="false" name="is_active" default="1" nullable="false" />
    	<column xsi:type="smallint"  identity="false" name="is_delete" default="0" nullable="true"/>
		<column  xsi:type="varchar" name="contact_name"  nullable="false" length="255" comment=" Contact Name"/>  
    	<column  xsi:type="varchar" name="contact_person_phone"  nullable="false" length="15" comment="Contact Person Phone"/>
		<column  xsi:type="varchar" name="city"  nullable="false" length="255" comment=" City"/>  
    	<column  xsi:type="varchar" name="state"  nullable="false" length="255" comment=" State"/>  
    	<column  xsi:type="varchar" name="country"  nullable="false" length="255" comment=" Country"/>  
    	<column  xsi:type="varchar" name="delivery_location"  nullable="false" length="500" comment=" DeliveryLocation"/>  
		<constraint xsi:type="foreign" referenceId="ARIA_SUPPLY_DC_SUPPLY_ID_ARIA_SUPPLY_COMPANY_SUPPLY_COMPANY_ID" table="aria_supply_dc" column="supply_id" referenceTable="aria_supply_company" referenceColumn="supplycompany_id" onDelete="CASCADE" />
		<column identity="false" name="store_id" nullable="true" unsigned="true" xsi:type="int"/>
		<constraint xsi:type="unique" referenceId="ARIA_SUPPLY_DC_EMAIL_PHONE">
			<column name="email" />
			<column name="phone" />
		</constraint>
	</table>
    <table name="sales_order" resource="sales" engine="innodb" comment="Sales Flat Order">
		<column name="dcid" nullable="true" padding="6" unsigned="true" xsi:type="int" />
		<constraint xsi:type="foreign" referenceId="SALES_ORDER_DCID_ARIA_SUPPLY_DC_DC_ID" table="sales_order" column="dcid" referenceTable="aria_supply_dc" referenceColumn="dc_id" onDelete="CASCADE"  />
	</table> 
	<table comment="Aria DC Userrole Table" engine="innodb" name="aria_dc_user_role" resource="default">
		<column comment="Userrole Id" identity="true" name="id" nullable="false" padding="6" unsigned="true" xsi:type="int" />
		<constraint referenceId="PRIMARY" xsi:type="primary">
			<column name="id" />
		</constraint>
		<column  xsi:type="varchar" name="role_name" nullable="false"  length="255" comment="Role Name"/>
		<column  xsi:type="varchar" name="description" nullable="false"  length="255" comment="Description"/>
		<column identity="false" unsigned="true" nullable="false" padding="11" name="supply_id" xsi:type="int"/>
		<column xsi:type="varchar" default="NULL"  name="created_by" nullable="true"  length="50"/>
		<column xsi:type="varchar" default="NULL" name="updated_by" nullable="true"  length="50"/>
		<column xsi:type="datetime" default="CURRENT_TIMESTAMP"  name="created_at" nullable="false"  on_update="false"/>
		<column xsi:type="datetime" default="CURRENT_TIMESTAMP" name="updated_at" nullable="true"   on_update="true"/>
		<column xsi:type="smallint"  identity="false" name="is_active" nullable="false" />
		<column xsi:type="smallint"  identity="false" name="is_delete" default="0" nullable="false"/>
		<constraint xsi:type="foreign" referenceId="ARIA_DC_USER_ROLE_SUPPLY_ID_ARIA_SUPPLY_COMPANY_SUPPLY_COMPANY_ID" table="aria_dc_user_role" column="supply_id" referenceTable="aria_supply_company" referenceColumn="supplycompany_id" onDelete="CASCADE" />
	</table>

	<table name="aria_dc_user" resource="default" engine="innodb" comment="Aria DC User Table">
    	<column name="id" comment="Id" xsi:type="int" unsigned="true" nullable="false" padding="11" identity="true"/>
    	<constraint xsi:type="primary" referenceId="PRIMARY">
   			<column name="id"/>
    	</constraint>
    	<column identity="false" name="dc_user_id" nullable="false" unsigned="true" xsi:type="int"/>
		<column  xsi:type="varchar" name="first_name" nullable="false"   length="255" comment="FirstName"/>
    	<column  xsi:type="varchar" name="last_name" nullable="false"   length="255" comment="LastName"/>
    	<column  xsi:type="varchar" name="dc_user_email"  length="255" comment="DC User Email"/>
    	<column  xsi:type="varchar" name="phone"  nullable="false" length="15" comment="Phone"/>
		<column  xsi:type="varchar" name="gender"  nullable="false" length="15" comment="Gender"/>		
    	<column xsi:type="varchar" default="NULL"  name="created_by" nullable="true"  length="50"/>
		<column xsi:type="varchar" default="NULL" name="updated_by" nullable="true"  length="50"/>
		<column xsi:type="datetime" default="CURRENT_TIMESTAMP"  name="created_at" nullable="false"  on_update="false"/>
		<column xsi:type="datetime" default="CURRENT_TIMESTAMP" name="updated_at" nullable="true"   on_update="true"/>
		<column xsi:type="smallint"  identity="false" name="is_active" nullable="false" />
    	<column xsi:type="smallint"  identity="false" name="is_delete" default="0" nullable="false"/>
		<column  xsi:type="int" name="sc_id" comment="SupplycompanyId" unsigned="true" padding="11" nullable="true"/>
		<column  identity="false" name="is_admin" nullable="true" xsi:type="smallint"/>
		<constraint xsi:type="foreign" referenceId="ARIA_DC_USER_DC_USER_ID_CUSTOMER_ENTITY_ENTITY_ID" table="aria_dc_user" column="dc_user_id" referenceTable="customer_entity" referenceColumn="entity_id" onDelete="CASCADE" />
		<constraint xsi:type="foreign" referenceId="ARIA_DC_USER_SC_ID_ARIA_SUPPLY_COMPANY_SUPPLYCOMPANY_ID" table="aria_dc_user" column="sc_id" referenceTable="aria_supply_company" referenceColumn="supplycompany_id" onDelete="CASCADE" />
	</table>

	<table name="aria_dc_role_permission_mapping" resource="default" engine="innodb" comment="Aria DC Userrole Permission Mapping Table">
		<column name="id" comment="Id" xsi:type="int" unsigned="true"  nullable="false" padding="11" identity="true"/>
    	<constraint xsi:type="primary" referenceId="PRIMARY">
    		<column name="id"/>
    	</constraint>
    	<column xsi:type="int" name="role_id" nullable="false"  padding="6" unsigned="true" comment="Userrole Id"/>
    	<column xsi:type="int" name="permission_id" unsigned="true"  nullable="false" padding="11"  comment="Permisson Id"/>
    	<column xsi:type="varchar" default="NULL"  name="created_by" nullable="true"  length="50"/>
		<column xsi:type="varchar" default="NULL" name="updated_by" nullable="true"  length="50"/>
		<column xsi:type="datetime" default="CURRENT_TIMESTAMP"  name="created_at" nullable="false"  on_update="false"/>
		<column xsi:type="datetime" default="CURRENT_TIMESTAMP" name="updated_at" nullable="true"   on_update="true"/>
		<column xsi:type="smallint"  identity="false" name="is_active" nullable="false" />
		<column xsi:type="smallint"  identity="false" name="is_granted" nullable="false" />
		<constraint xsi:type="foreign" referenceId="ARIA_ROLE_PERMISSION_ROLE_ID_ARIA_USER_ROLE_ID" table="aria_dc_role_permission_mapping" column="role_id" referenceTable="aria_dc_user_role" referenceColumn="id" onDelete="CASCADE" />
		
    </table>

    <table name="aria_dc_user_permissions" resource="default" engine="innodb" comment="Aria DC User Permissions Table">
		<column name="id" comment="Permisson Id" xsi:type="int" unsigned="true"  nullable="false" padding="11"/>
    	<column xsi:type="varchar" name="permission_name" nullable="false" length="255"  comment="permission_name"/>
    	<column xsi:type="varchar" name="description" nullable="false" length="255"   comment="description"/>
		<column name="parent_id" comment="Parent Id" xsi:type="int" identity="false"  nullable="false" padding="11"/>
    	<column default="NULL"  name="created_by" nullable="true" xsi:type="varchar" length="50"/>
		<column default="NULL" name="updated_by" nullable="true" xsi:type="varchar" length="50"/>
		<column default="NULL" name="created_at" nullable="false" xsi:type="datetime" on_update="false"/>
		<column default="NULL"  name="updated_at" nullable="true" xsi:type="datetime"  on_update="true"/>
		<column  identity="false" name="is_active" nullable="false" xsi:type="smallint"/>
		<column xsi:type="smallint"  identity="false" name="is_delete" default="0" nullable="false"/>

    </table>

	<table name="aria_user_dc_role_mapping" resource="default" engine="innodb" comment="Aria DC User Role Mapping Table">
    	<column name="id" comment="Id" xsi:type="int" unsigned="true"  nullable="false" padding="11" identity="true"/>
    	<constraint xsi:type="primary" referenceId="PRIMARY">
    		<column name="id"/>
    	</constraint>
		<column identity="false" name="dc_user_id" nullable="false" unsigned="true" xsi:type="int"/>
		<column comment="Entity Id"  name="dc_id" nullable="false" padding="6" unsigned="true" xsi:type="int" />
		<column comment="Userrole Id"  name="role_id" nullable="false" padding="6" unsigned="true" xsi:type="int" />
		<column default="NULL"  name="created_by" nullable="true" xsi:type="varchar" length="50"/>
		<column default="NULL" name="updated_by" nullable="true" xsi:type="varchar" length="50"/>
		<column default="CURRENT_TIMESTAMP" name="created_at" nullable="false" xsi:type="datetime" on_update="false"/>
		<column default="CURRENT_TIMESTAMP"  name="updated_at" nullable="true" xsi:type="datetime"  on_update="true"/>
		<column  identity="false" name="is_active" nullable="false" xsi:type="smallint"/>
		<column xsi:type="smallint"  identity="false" name="is_delete" default="0" nullable="false"/>
		<constraint xsi:type="foreign" referenceId="ARIA_USER_ROLE_MAPPING_DC_USER_ID_ARIA_DC_USER_ID" table="aria_user_dc_role_mapping" column="dc_user_id" referenceTable="aria_dc_user" referenceColumn="id" onDelete="CASCADE" />
		<constraint xsi:type="foreign" referenceId="ARIA_USER_ROLE_MAPPING_DC_ID_ARIA_SUPPLY_DC_DC_ID" table="aria_user_dc_role_mapping" column="dc_id" referenceTable="aria_supply_dc" referenceColumn="dc_id" onDelete="CASCADE" />
		<constraint xsi:type="foreign" referenceId="ARIA_USER_ROLE_MAPPING_ROLE_ID_ARIA_DC_USER_ROLE_ID" table="aria_user_dc_role_mapping" column="role_id" referenceTable="aria_dc_user_role" referenceColumn="id" onDelete="CASCADE" />
    </table>

	<table name="aria_dc_vacation" resource="default" engine="innodb" comment="aria_dc_vacation Table">
		<column xsi:type="int" name="vacation_id" padding="11" unsigned="true" nullable="false" identity="true" comment="Entity Id"/>
		<constraint xsi:type="primary" referenceId="PRIMARY">
			<column name="vacation_id"/>
		</constraint>
		<column name="from" nullable="true" xsi:type="date" comment="from"/>
		<column name="to" nullable="true" xsi:type="date" comment="to"/>
		<column name="comment" nullable="true" xsi:type="text" comment="comment"/>
		<column name="status" nullable="false" xsi:type="smallint" comment="status" default="1"/>
		<column default="CURRENT_TIMESTAMP" name="created_at" nullable="false" xsi:type="datetime" on_update="false"/>
		<column default="CURRENT_TIMESTAMP"  name="updated_at" nullable="true" xsi:type="datetime"  on_update="true"/>
		<column name="is_delete" nullable="false" xsi:type="smallint" comment="is_delete" default="0"/>
		<column name="dc_id" nullable="false" xsi:type="int" padding="6" comment="dc_id" identity="false" unsigned="true"/>

		<constraint xsi:type="foreign" referenceId="ARIA_DC_VACATION_DC_ID_ARIA_SUPPLY_DC_DC_ID" table="aria_dc_vacation" column="dc_id" referenceTable="aria_supply_dc" referenceColumn="dc_id" onDelete="CASCADE" />
	</table>

</schema>