<?xml version="1.0" ?>
<config xmlns:xsi="http://www.w3.org/2001/XMLSchema-instance" xsi:noNamespaceSchemaLocation="urn:magento:framework:ObjectManager/etc/config.xsd">
	<preference for="Aria\SupplyCompanyAccount\Api\DCRepositoryInterface" type="Aria\SupplyCompanyAccount\Model\DCRepository"/>
	<preference for="Aria\SupplyCompanyAccount\Api\Data\DCInterface" type="Aria\SupplyCompanyAccount\Model\Data\DC"/>
	<preference for="Aria\SupplyCompanyAccount\Api\Data\DCSearchResultsInterface" type="Magento\Framework\Api\SearchResults"/>
	<preference for="Aria\SupplyCompanyAccount\Api\SupplyCompanyRepositoryInterface" type="Aria\SupplyCompanyAccount\Model\SupplyCompanyRepository"/>
	<preference for="Aria\SupplyCompanyAccount\Api\Data\SupplyCompanyInterface" type="Aria\SupplyCompanyAccount\Model\Data\SupplyCompany"/>
	<preference for="Aria\SupplyCompanyAccount\Api\Data\SupplyCompanySearchResultsInterface" type="Magento\Framework\Api\SearchResults"/>
	<preference for="Aria\SupplyCompanyAccount\Api\DCUserRepositoryInterface" type="Aria\SupplyCompanyAccount\Model\DCUserRepository"/>
	<preference for="Aria\SupplyCompanyAccount\Api\Data\DCUserInterface" type="Aria\SupplyCompanyAccount\Model\Data\DCUser"/>
	<preference for="Aria\SupplyCompanyAccount\Api\Data\DCUserSearchResultsInterface" type="Magento\Framework\Api\SearchResults"/>
    <preference for="Aria\SupplyCompanyAccount\Api\DCUserroleRepositoryInterface" type="Aria\SupplyCompanyAccount\Model\DCUserroleRepository"/>
	<preference for="Aria\SupplyCompanyAccount\Api\Data\DCUserroleInterface" type="Aria\SupplyCompanyAccount\Model\Data\DCUserrole"/>
	<preference for="Aria\SupplyCompanyAccount\Api\Data\DCUserroleSearchResultsInterface" type="Magento\Framework\Api\SearchResults"/>
	<preference for="Aria\SupplyCompanyAccount\Api\DCUserroleMappingRepositoryInterface" type="Aria\SupplyCompanyAccount\Model\DCUserroleMappingRepository"/>
	<preference for="Aria\SupplyCompanyAccount\Api\Data\DCUserroleMappingInterface" type="Aria\SupplyCompanyAccount\Model\Data\DCUserroleMapping"/>
	<preference for="Aria\SupplyCompanyAccount\Api\Data\DCUserroleMappingSearchResultsInterface" type="Magento\Framework\Api\SearchResults"/>
	<preference for="Aria\SupplyCompanyAccount\Api\DCUserPermissionRepositoryInterface" type="Aria\SupplyCompanyAccount\Model\DCUserPermissionRepository"/>
	<preference for="Aria\SupplyCompanyAccount\Api\Data\DCUserPermissionInterface" type="Aria\SupplyCompanyAccount\Model\Data\DCUserPermission"/>
	<preference for="Aria\SupplyCompanyAccount\Api\Data\DCUserPermissionSearchResultsInterface" type="Magento\Framework\Api\SearchResults"/>
	<preference for="Aria\SupplyCompanyAccount\Api\DCRolePermissionMappingRepositoryInterface" type="Aria\SupplyCompanyAccount\Model\DCRolePermissionMappingRepository"/>
	<preference for="Aria\SupplyCompanyAccount\Api\Data\DCRolePermissionMappingInterface" type="Aria\SupplyCompanyAccount\Model\Data\DCRolePermissionMapping"/>
	<preference for="Aria\SupplyCompanyAccount\Api\Data\DCRolePermissionMappingSearchResultsInterface" type="Magento\Framework\Api\SearchResults"/>
	<preference for="Aria\SupplyCompanyAccount\Api\DCUserEditProfileRepositoryInterface" type="Aria\SupplyCompanyAccount\Model\DCUserEditProfileRepository"/>
	<preference for="Aria\SupplyCompanyAccount\Api\Data\DCUserEditProfileInterface" type="Aria\SupplyCompanyAccount\Model\Data\DCUserEditProfile"/>
	<preference for="Aria\SupplyCompanyAccount\Api\ReferAriaRepositoryInterface" type="Aria\SupplyCompanyAccount\Model\ReferAriaRepository"/>
	<preference for="Aria\SupplyCompanyAccount\Api\Data\ReferAriaInterface" type="Aria\SupplyCompanyAccount\Model\Data\ReferAria"/>
	<preference for="Aria\SupplyCompanyAccount\Api\Data\VacationInterface" type="Aria\SupplyCompanyAccount\Model\Data\Vacation"/>
	<preference for="Aria\SupplyCompanyAccount\Api\VacationRepositoryInterface" type="Aria\SupplyCompanyAccount\Model\VacationRepository"/>

	<virtualType name="Aria\SupplyCompanyAccount\Model\ResourceModel\SupplyCompany\Grid\Collection" type="Magento\Framework\View\Element\UiComponent\DataProvider\SearchResult">
		<arguments>
			<argument name="mainTable" xsi:type="string">aria_supply_company</argument>
			<argument name="resourceModel" xsi:type="string">Aria\SupplyCompanyAccount\Model\ResourceModel\SupplyCompany\Collection</argument>
		</arguments>
	</virtualType>
	<type name="Magento\Framework\View\Element\UiComponent\DataProvider\CollectionFactory">
		<arguments>
			<argument name="collections" xsi:type="array">
				<item name="aria_supplycompany_listing_data_sources" xsi:type="string">Aria\SupplyCompanyAccount\Model\ResourceModel\SupplyCompany\Grid\Collection</item>
			</argument>
		</arguments>
	</type>
	 <type name="Magento\Store\Api\StoreConfigManagerInterface">
        <plugin name="get_delivery_store_config" type="Aria\SupplyCompanyAccount\Plugin\DeliveryStoreConfig" sortOrder="3"/>
    </type>
</config>
