<?xml version="1.0" ?>
<routes xmlns:xsi="http://www.w3.org/2001/XMLSchema-instance" xsi:noNamespaceSchemaLocation="urn:magento:module:Magento_Webapi:etc/webapi.xsd">	
	<route method="POST" url="/V1/aria/supplycompanyaccount/dc/create">
		<service class="Aria\SupplyCompanyAccount\Api\DCRepositoryInterface" method="save"/>
		<resources>
			<resource ref="Aria_SupplyCompanyAccount::DC_save"/>
		</resources>
	</route>
	<route method="GET" url="/V1/aria/supplycompanyaccount/dc/search">
		<service class="Aria\SupplyCompanyAccount\Api\DCRepositoryInterface" method="getList"/>
		<resources>
			<resource ref="Aria_SupplyCompanyAccount::DC_view"/>
		</resources>
	</route>
	<route method="GET" url="/V1/aria/supplycompanyaccount/getdc/:dcId">
		<service class="Aria\SupplyCompanyAccount\Api\DCRepositoryInterface" method="get"/>
		<resources>
			<resource ref="Aria_SupplyCompanyAccount::DC_view"/>
		</resources>
	</route>
	<route method="PUT" url="/V1/aria/supplycompanyaccount/updatedc/:dcId">
		<service class="Aria\SupplyCompanyAccount\Api\DCRepositoryInterface" method="save"/>
		<resources>
			<resource ref="Aria_SupplyCompanyAccount::DC_update"/>
		</resources>
	</route>
	<route method="DELETE" url="/V1/aria/supplycompanyaccount/deletedc/:dcId">
		<service class="Aria\SupplyCompanyAccount\Api\DCRepositoryInterface" method="deleteById"/>
		<resources>
			<resource ref="Aria_SupplyCompanyAccount::DC_delete"/>
		</resources>
	</route>
	<route method="PUT" url="/V1/aria/supplycompanyaccount/updatestatus/:dcId/:isActive">
		<service class="Aria\SupplyCompanyAccount\Api\DCRepositoryInterface" method="setStatus"/>
		<resources>
			<resource ref="Aria_SupplyCompanyAccount::DC_setStatus"/>
		</resources>
	</route>
	<route method="GET" url="/V1/aria/supplycompanyaccount/DCNameExists/:name/:supplierid">
		<service class="Aria\SupplyCompanyAccount\Api\DCRepositoryInterface" method="isDCNameExists"/>
		<resources>
			<resource ref="Aria_SupplyCompanyAccount::DC_view"/>
		</resources>
	</route>
	<route method="POST" url="/V1/aria/supplycompanyaccount/dcUser/create">
		<service class="Aria\SupplyCompanyAccount\Api\DCUserRepositoryInterface" method="save"/>
		<resources>
			<resource ref="Aria_SupplyCompanyAccount::DC_User_save"/>
		</resources>
	</route>
	<route method="PUT" url="/V1/aria/supplycompanyaccount/dcUserEditProfile/update/:Id">
		<service class="Aria\SupplyCompanyAccount\Api\DCUserEditProfileRepositoryInterface" method="save"/>
		<resources>
			<resource ref="Aria_SupplyCompanyAccount::DCUser_update"/>
		</resources>
	</route>
	<route method="GET" url="/V1/aria/supplycompanyaccount/DCUserPhoneExists/:phone">
		<service class="Aria\SupplyCompanyAccount\Api\DCUserRepositoryInterface" method="isPhoneExists"/>
		<resources>
			<resource ref="Aria_SupplyCompanyAccount::DCUser_view"/>
		</resources>
	</route>
	<route method="POST" url="/V1/aria/supplycompanyaccount/dcUserrole/create">
		<service class="Aria\SupplyCompanyAccount\Api\DCUserroleRepositoryInterface" method="save"/>
		<resources>
			<resource ref="Aria_SupplyCompanyAccount::DCUserrole_save"/>
		</resources>
	</route>
	<route method="GET" url="/V1/aria/supplycompanyaccount/dcUserrole/search">
		<service class="Aria\SupplyCompanyAccount\Api\DCUserroleRepositoryInterface" method="getList"/>
		<resources>
			<resource ref="Aria_SupplyCompanyAccount::DCUserrole_view"/>
		</resources>
	</route>
	<route method="GET" url="/V1/aria/supplycompanyaccount/getdcUserrole/:Id">
		<service class="Aria\SupplyCompanyAccount\Api\DCUserroleRepositoryInterface" method="getById"/>
		<resources>
			<resource ref="Aria_SupplyCompanyAccount::DCUserrole_view"/>
		</resources>
	</route>
	<route method="PUT" url="/V1/aria/supplycompanyaccount/updatedcUserrole/:Id">
		<service class="Aria\SupplyCompanyAccount\Api\DCUserroleRepositoryInterface" method="save"/>
		<resources>
			<resource ref="Aria_SupplyCompanyAccount::DCUserrole_update"/>
		</resources>
	</route>
	<route method="DELETE" url="/V1/aria/supplycompanyaccount/deletedcUserrole/:Id">
		<service class="Aria\SupplyCompanyAccount\Api\DCUserroleRepositoryInterface" method="deleteById"/>
		<resources>
			<resource ref="Aria_SupplyCompanyAccount::DCUserrole_delete"/>
		</resources>
	</route>
	<route url="/V1/aria/supplycompanyaccount/dcuser/:id" method="DELETE">
        <service class="Aria\SupplyCompanyAccount\Api\DCUserRepositoryInterface" method="deleteById"/>
        <resources>
            <resource ref="Aria_SupplyCompanyAccount::DCUser_delete" />
        </resources>
    </route>
	<route url="/V1/aria/supplycompanyaccount/dcuser/dcexists" method="GET">
        <service class="Aria\SupplyCompanyAccount\Api\DCUserRepositoryInterface" method="isActiveDCExists"/>
        <resources>
            <resource ref="Aria_SupplyCompanyAccount::DCUser_get" />
        </resources>
    </route>
	<route method="GET" url="/V1/aria/supplycompanyaccount/dcuser/search">
		<service class="Aria\SupplyCompanyAccount\Api\DCUserRepositoryInterface" method="getList"/>
		<resources>
			<resource ref="Aria_SupplyCompanyAccount::DCUser_view"/>
		</resources>
	</route>
	<route method="PUT" url="/V1/aria/supplycompanyaccount/activedeactive/:dcUserId/:isActive">
		<service class="Aria\SupplyCompanyAccount\Api\DCUserRepositoryInterface" method="activateDeactivateDCUser"/>
		<resources>
			<resource ref="Aria_SupplyCompanyAccount::DCUser_setStatus"/>
		</resources>
	</route>
	<route method="GET" url="/V1/aria/supplycompanyaccount/get/:id">
		<service class="Aria\SupplyCompanyAccount\Api\DCUserRepositoryInterface" method="getById"/>
		<resources>
			<resource ref="Aria_SupplyCompanyAccount::DCUser_view"/>
		</resources>
	</route>
	<route method="PUT" url="/V1/aria/supplycompanyaccount/update/:Id">
		<service class="Aria\SupplyCompanyAccount\Api\DCUserRepositoryInterface" method="save"/>
		<resources>
			<resource ref="Aria_SupplyCompanyAccount::DCUser_update"/>
		</resources>
	</route>
	<route method="GET" url="/V1/aria/supplycompanyaccount/dcuserpermissions/search">
		<service class="Aria\SupplyCompanyAccount\Api\DCUserPermissionRepositoryInterface" method="getList"/>
		<resources>
			<resource ref="Aria_SupplyCompanyAccount::DCUserPermission_view"/>
		</resources>
	</route>
	<route method="GET" url="/V1/aria/supplycompanyaccount/roleNameExists/:roleName/:supplierid">
		<service class="Aria\SupplyCompanyAccount\Api\DCUserroleRepositoryInterface" method="isRoleNameExists"/>
		<resources>
			<resource ref="Aria_SupplyCompanyAccount::DCUserrole_view"/>
		</resources>
	</route>
	<route method="GET" url="/V1/aria/supplycompanyaccount/supplycompany/search">
		<service class="Aria\SupplyCompanyAccount\Api\SupplyCompanyRepositoryInterface" method="getList"/>
		<resources>
			<resource ref="Aria_SupplyCompanyAccount::SupplyCompany_view"/>
		</resources>
	</route>
	<route method="PUT" url="/V1/aria/supplycompanyaccount/updatesupplycompany/:supplycompanyId">
		<service class="Aria\SupplyCompanyAccount\Api\SupplyCompanyRepositoryInterface" method="save"/>
		<resources>
			<resource ref="Aria_SupplyCompanyAccount::SupplyCompany_update"/>
		</resources>
	</route>
	<route method="GET" url="/V1/aria/supplycompanyaccount/getsupplycompany/:supplyCompanyId">
		<service class="Aria\SupplyCompanyAccount\Api\SupplyCompanyRepositoryInterface" method="get"/>
		<resources>
			<resource ref="Aria_SupplyCompanyAccount::SupplyCompany_view"/>
		</resources>
	</route>
	<route method="POST" url="/V1/aria/supplycompanyaccount/referaria">
		<service class="Aria\SupplyCompanyAccount\Api\ReferAriaRepositoryInterface" method="referAria"/>
		<resources>
			<resource ref="Aria_SupplyCompanyAccount::refer_aria"/>
		</resources>
	</route>
	<route method="PUT" url="/V1/aria/supplycompanyaccount/updatedeliverycost/:supplyCompanyId/:deliveryCost">
		<service class="Aria\SupplyCompanyAccount\Api\SupplyCompanyRepositoryInterface" method="setDeliveryCost"/>
		<resources>
			<resource ref="Aria_SupplyCompanyAccount::SupplyCompany_update"/>
		</resources>
	</route>
</routes>
