<?xml version="1.0" ?>
<config xmlns:xsi="http://www.w3.org/2001/XMLSchema-instance" xsi:noNamespaceSchemaLocation="urn:magento:framework:Acl/etc/acl.xsd">
	<acl>
		<resources>
			<resource id="Magento_Backend::admin">
				<resource id="Aria_QuickOrder::quick_order" sortOrder="10" title="Quick Order">
                    <resource id="Aria_QuickOrder::quick_order_config" sortOrder="10" title="Quick order configuration"/>
                </resource>
			</resource>
		</resources>
	</acl>
</config>
