<?xml version="1.0" ?>
<config xmlns:xsi="http://www.w3.org/2001/XMLSchema-instance" xsi:noNamespaceSchemaLocation="urn:magento:framework:Acl/etc/acl.xsd">
	<acl>
		<resources>
			<resource id="Magento_Backend::admin">
				<resource id="Aria_ProductWatch::ProductWatch" title="ProductWatch" sortOrder="10">
					<resource id="Aria_ProductWatch::ProductWatch_save" title="Save ProductWatch" sortOrder="10"/>
					<resource id="Aria_ProductWatch::ProductWatch_delete" title="Delete ProductWatch" sortOrder="20"/>
					<resource id="Aria_ProductWatch::ProductWatch_update" title="Update ProductWatch" sortOrder="30"/>
					<resource id="Aria_ProductWatch::ProductWatch_view" title="View ProductWatch" sortOrder="40"/>
				</resource>
			</resource>
		</resources>
	</acl>
</config>
