<?xml version="1.0" ?>
<schema xmlns:xsi="http://www.w3.org/2001/XMLSchema-instance" xsi:noNamespaceSchemaLocation="urn:magento:framework:Setup/Declaration/Schema/etc/schema.xsd">
	<table name="aria_product_watch" resource="default" engine="innodb" comment="aria_product_watch Table">
		<column xsi:type="int" name="productwatch_id" padding="6" unsigned="true" nullable="false" identity="true" comment="Entity Id"/>
		<constraint xsi:type="primary" referenceId="PRIMARY">
			<column name="productwatch_id"/>
		</constraint>
		<column name="venue_user_id" nullable="false" unsigned="true" xsi:type="int" comment="venue_user_id"/>
		<column name="venue_id" nullable="false" unsigned="true" xsi:type="int" comment="venue_id"/>
		<column name="sku" nullable="false" xsi:type="varchar" comment="sku" length="255"/>
		<column name="price" nullable="false" xsi:type="decimal" comment="price" scale="4" precision="12"/>
		<column name="is_in_stock" nullable="false" xsi:type="boolean" comment="is_in_stock"/>
		<column name="created_at" nullable="false" xsi:type="timestamp" comment="created_at" default="CURRENT_TIMESTAMP"/>
		<column name="updated_at" nullable="false" xsi:type="timestamp" comment="updated_at" default="CURRENT_TIMESTAMP" on_update="true"/>
		<column name="status" nullable="false" xsi:type="smallint" comment="status" default="1"/>
		<constraint xsi:type="foreign" referenceId="aria_product_watch_venue_user_id_aria_venue_user_id"   referenceColumn="id" referenceTable="aria_venue_user" column="venue_user_id" table="aria_product_watch" onDelete="CASCADE"/>
		<constraint xsi:type="foreign" referenceId="aria_product_watch_venue_id_aria_venue_id"   referenceColumn="id" referenceTable="aria_venue" column="venue_id" table="aria_product_watch" onDelete="CASCADE"/>
	</table>
	<table name="aria_notifications_participants" resource="default" engine="innodb">
		<column name="sku" nullable="true" xsi:type="text"/>
	</table>
</schema>
