<?xml version="1.0" ?>
<routes xmlns:xsi="http://www.w3.org/2001/XMLSchema-instance" xsi:noNamespaceSchemaLocation="urn:magento:module:Magento_Webapi:etc/webapi.xsd">
	<route url="/V1/aria/productwatch/create" method="POST">
		<service class="Aria\ProductWatch\Api\ProductWatchRepositoryInterface" method="save"/>
		<resources>
            <resource ref="self"/>
        </resources>
        <data>
            <parameter name="customerId" force="true">%customer_id%</parameter>
        </data>
	</route>
	<route url="/V1/aria-productwatch/productwatch/search" method="GET">
		<service class="Aria\ProductWatch\Api\ProductWatchRepositoryInterface" method="getList"/>
		<resources>
			<resource ref="Aria_ProductWatch::ProductWatch_view"/>
		</resources>
	</route>
	<route url="/V1/aria-productwatch/productwatch/:productwatchId" method="GET">
		<service class="Aria\ProductWatch\Api\ProductWatchRepositoryInterface" method="get"/>
		<resources>
			<resource ref="Aria_ProductWatch::ProductWatch_view"/>
		</resources>
	</route>
	<route url="/V1/aria-productwatch/productwatch/:productwatchId" method="PUT">
		<service class="Aria\ProductWatch\Api\ProductWatchRepositoryInterface" method="save"/>
		<resources>
			<resource ref="Aria_ProductWatch::ProductWatch_update"/>
		</resources>
	</route>
	<route url="/V1/aria/productwatch/:venueId/:venueUserId/:sku" method="DELETE">
		<service class="Aria\ProductWatch\Api\ProductWatchRepositoryInterface" method="deleteBySku"/>
		<resources>
            <resource ref="self"/>
        </resources>
        <data>
            <parameter name="customerId" force="true">%customer_id%</parameter>
        </data>
	</route>
	<route url="/V1/aria/productwatch/notifications/:participantId/:userId" method="GET">
		<service class="Aria\ProductWatch\Api\ProductWatchRepositoryInterface" method="getNotifications"/>
		<resources>
            <resource ref="self"/>
        </resources>
        <data>
            <parameter name="customerId" force="true">%customer_id%</parameter>
        </data>
	</route>
	<route url="/V1/aria/productwatch/checkwatch/:participantId/:userId/:sku" method="GET">
		<service class="Aria\ProductWatch\Api\ProductWatchRepositoryInterface" method="checkProductIsOnWatch"/>
		<resources>
            <resource ref="self"/>
        </resources>
        <data>
            <parameter name="customerId" force="true">%customer_id%</parameter>
        </data>
	</route>
</routes>
